Mutation type,Trinucleotide,RandSig1,RandSig2,RandSig3,RandSig4,RandSig5,RandSig6,RandSig7,RandSig8,RandSig9,RandSig10,RandSig11,RandSig12,RandSig13,RandSig14,RandSig15
C>A,ACA,0.00436810117828404,0.0193794144960069,0.0141833106957591,0.0136477159409837,0.00906772105555492,0.0035929425168764,0.00279555489886327,0.024773702491382,0.0213697407419847,0.0181140767384652,0.0027416980963487,0.0152562384982083,0.0181357879941317,0.00743658994846484,0.0103181647889711
C>A,ACC,0.0149581476273139,0.0089287918915421,0.00270624394866714,0.00369123841025826,0.00846880514402599,0.0213290412214551,0.015448108859734,0.0172907427226458,0.0136493397408085,0.00346766380876949,0.019793659991867,0.0161092237122514,0.00989333718750929,0.00865677344412241,0.0113079641828608
C>A,ACG,0.00400198546308877,0.0107567587655804,0.010924366005639,0.0160612718067324,0.00826952014353504,0.0129314202950631,0.00287736467279563,0.00259805883352766,0.020825898932439,0.00514073831348527,0.00273311317658075,0.00856516759196062,0.00730322852205983,0.00279223055715532,0.00442656350577194
C>A,ACT,0.00375546539300047,0.00392825642271541,0.00617151891070968,0.0055447059243481,0.00908762452792931,0.00826052212362785,0.0187127688384962,0.00807287919565029,0.00681391661490258,0.00828881456871975,0.00292190220972546,0.0217657093546735,0.00645265610283562,0.00727748450197427,0.00506282680923469
C>A,CCA,0.00733122497524912,0.00636673386281873,0.0143997556776055,0.00370688652193326,0.00333552923622576,0.0190490771765417,0.0234590841871286,0.0153145135167331,0.00457247506884163,0.0169446649753524,0.00650728299502773,0.00338698816065384,0.0125407102848284,0.0189061403192494,0.0034473628946081
C>A,CCC,0.0140951182012408,0.0125445163720324,0.00959703018548822,0.00314974547853552,0.0163054306809241,0.00653382220519927,0.0242033662766359,0.00508465478832985,0.00332467688103355,0.0049601502911437,0.00391478508699077,0.0171817808747854,0.00798553471171961,0.0205110432766412,0.00746737192030992
C>A,CCG,0.00387263250461733,0.00625568316493741,0.00287230095143764,0.0241115316364733,0.00459922618395027,0.0066209237854124,0.0197039483819578,0.00267157026991814,0.00391351905093069,0.007717252026022,0.0219242022919529,0.0120726122677183,0.0101035415585983,0.023497098384835,0.00810308476030163
C>A,CCT,0.0198745658011187,0.00894170711652909,0.00387323618155487,0.0139075278352589,0.0171101497748443,0.00796046929962182,0.003684912888553,0.00751029213285692,0.00595982896296404,0.0146058063777262,0.00315417480917476,0.0111502313616385,0.0116650376697756,0.00334705283528638,0.00681611998574164
C>A,GCA,0.00527503653364655,0.00537189938001463,0.0111425647852031,0.00321656264952417,0.00880486154796187,0.0167313577060851,0.0254363655329175,0.00575234867973816,0.00283623144047689,0.00433286690477078,0.00843802743572774,0.0228357284129315,0.0134341774213466,0.00644735499333193,0.00626290556912449
C>A,GCC,0.0102623635001857,0.0101122815326914,0.00362154543525104,0.0097731112640572,0.00792017239277875,0.00618803469344288,0.0135758399354165,0.0226048126868572,0.00583175110026781,0.00402513913485293,0.00557432858013807,0.0220706375072704,0.00533425535806933,0.00380654989981205,0.0156785442758511
C>A,GCG,0.0104529722156383,0.00282538548465255,0.00335446888206433,0.0172105619771102,0.0234189414103072,0.00434192380227726,0.0165773382541663,0.00376875986761219,0.00483703663479977,0.00369727262835083,0.0132260817963776,0.00346394060834851,0.0130333642779127,0.00804270745571038,0.00404128054319205
C>A,GCT,0.0137051182421522,0.0193532943184705,0.00573984729143897,0.0103150412863878,0.0105335373455539,0.0128443773199369,0.00595447148730508,0.0091495792528642,0.0264517938141425,0.0139487424966247,0.0102985194417477,0.0041714536948203,0.0211291072385461,0.0108630307010829,0.00454823745881714
C>A,TCA,0.0205861090215703,0.00414787824300381,0.00787270290984657,0.0123666983471608,0.0058087252833972,0.00615404595149962,0.00833703218415315,0.00927863393587654,0.0124336215338959,0.00383626437244287,0.0144884887699306,0.00353263936202968,0.00464847706780855,0.0120837512967431,0.00475164195867894
C>A,TCC,0.00758791719785988,0.0031437132620546,0.0234939832467982,0.0183998040525235,0.00545556388436266,0.015133290200595,0.0187542408418097,0.0108420342855759,0.0120249076836714,0.00560803586950144,0.0169094595283568,0.00539830038071198,0.0145686027901057,0.00538139408200787,0.013074524418967
C>A,TCG,0.0222467865869307,0.00442611504804883,0.00536808415139248,0.00507653244029959,0.00322512025620185,0.0157514736058807,0.00903124567370474,0.0156051750973813,0.00972728682397004,0.00510165539167811,0.0137700473964664,0.0173473534697831,0.0214483355917174,0.00279212751505192,0.0247691332729739
C>A,TCT,0.0130607114727672,0.00351299328850085,0.00387728510509841,0.00456088582920298,0.00260812848929618,0.0209061001976384,0.0159942085513122,0.00303898558506332,0.00636795617969186,0.00345565042988098,0.00349929357681398,0.019317147574163,0.00262632109742312,0.00622763930059418,0.00815472363800964
C>G,ACA,0.00663523470866449,0.00290306975569891,0.015371091370033,0.0166309109872908,0.00854543974188993,0.0155998343900889,0.0102928599960479,0.00539131599946098,0.00888921501946979,0.00573980672337123,0.0185066389058856,0.0141352942665662,0.00335475983281685,0.00271905823590327,0.0100523771432223
C>G,ACC,0.0214472379043187,0.0144494804451992,0.00609262619392304,0.00693488594497083,0.0168861204789138,0.00311061598076746,0.0205585028030386,0.00650874871108169,0.00412142663044942,0.0132810967059482,0.00419464526011793,0.0137252981397766,0.00840475071293569,0.0164473078463139,0.0146721845401921
C>G,ACG,0.00739747579883879,0.0113017876781021,0.0177301988386168,0.00937138272541499,0.0157313666503263,0.00500587332921271,0.00725627803998961,0.0246267839179786,0.00698788888162823,0.0277755254272186,0.017013098919458,0.00685453438770715,0.00251391610086996,0.0106508556009845,0.011057654795103
C>G,ACT,0.00435758360188795,0.00458955949777804,0.0183521936017115,0.00270396832055728,0.0133418433503976,0.00290345024672264,0.0028796082920558,0.00493608868848605,0.0121789452208867,0.00561044865660992,0.00273891519684517,0.00579044028169114,0.00264356102451268,0.00494886949101547,0.0191127632192204
C>G,CCA,0.00659794824335998,0.0077878791175656,0.012967321026333,0.0114458803561152,0.00688054708563354,0.0221387258151039,0.00762831451666929,0.0243504115545429,0.0068890360015858,0.00658737753463589,0.00311028641923253,0.0123500774880942,0.00639138217285723,0.0191827107062692,0.0147595432799119
C>G,CCC,0.0105887504330988,0.0041667599594074,0.00965828120103293,0.00695148066023794,0.0228697426472786,0.00271421176113683,0.00374597153317857,0.00307313245299924,0.0162787560050385,0.0107627552588889,0.00289027074956622,0.00442583745755853,0.00358080828303342,0.0146447920249177,0.00788405078968615
C>G,CCG,0.00327077855432973,0.0206014297523169,0.00538890737879821,0.023287216097855,0.0204472635964354,0.019366140698946,0.00426378611753956,0.00494009526899189,0.00880698882720286,0.00433262396839169,0.00746893641278818,0.023498384850694,0.0119946101912244,0.00916804124959635,0.00610933647801167
C>G,CCT,0.0201711359998476,0.0255492742602101,0.00478011273944226,0.00524510090434597,0.0127635574688892,0.00328226600953931,0.00378158755550405,0.00347956736106304,0.0153820661056868,0.00774647943995432,0.0207359773004038,0.02268833309889,0.0213048205348948,0.00309305911198754,0.0101247126473885
C>G,GCA,0.0178676278976049,0.0158354564734897,0.00462687871526013,0.00914434010445435,0.00293960063408662,0.0167621265582136,0.0160068333615098,0.018489972972586,0.00462093293553523,0.0031992877984198,0.00337436836635577,0.0205655312753759,0.00252472335170721,0.0061812281171533,0.00443414972238885
C>G,GCC,0.00419150749619504,0.0224513725580979,0.0192871361877729,0.00735662156787069,0.00374217733587743,0.00329894656809007,0.00632387599475681,0.00296767724560861,0.0169845579060582,0.00304043722217656,0.0161889416874832,0.00381753568988097,0.00949464805569302,0.00778929438587461,0.00328425842125189
C>G,GCG,0.0100475912232932,0.00416304833789689,0.019156947737556,0.00485477435381338,0.0042405843835121,0.0227515736111793,0.00564230943362819,0.0126321545961486,0.00604445963143084,0.00662578653815292,0.0175427147102805,0.00498480716064617,0.00347809967812144,0.00345496703974619,0.0116391082986417
C>G,GCT,0.0131484170641574,0.00482907471479636,0.00268168742940334,0.0074642029241588,0.00801819172748235,0.00300376807631564,0.00690327987792827,0.0200104058324944,0.010034567210608,0.00440520136234487,0.00774387306405771,0.00624418720349656,0.0104997589914147,0.0241747508516058,0.0247558948749193
C>G,TCA,0.00399933995374993,0.0201664502257243,0.0100315772831019,0.0166329026014939,0.0050856562652837,0.0123682628193937,0.00721488881192599,0.00775196821876609,0.00389689772447165,0.00471296834708541,0.00375942761775797,0.0035776626919566,0.00961688799772218,0.00598903403423056,0.00727814555235867
C>G,TCC,0.00860577285105779,0.00782186612080075,0.0153170728672145,0.0201493687493034,0.0121645801445728,0.00355105501105293,0.00760762917843702,0.00460018190374375,0.00291860362114404,0.00476250530649315,0.00549343398116122,0.00704512044839146,0.00291639095438633,0.0122820663057104,0.00847725417888935
C>G,TCG,0.0175529543087152,0.0194433534527035,0.0152510978361495,0.010262780221326,0.0149553191449927,0.00252247692950114,0.0050152807549446,0.0040659812394538,0.00335093960007617,0.00593828223701719,0.00520422190902227,0.00630688551714409,0.0135723925008101,0.0149456546115609,0.00818064892261513
C>G,TCT,0.00746131922127036,0.0140330356419374,0.0125144032557942,0.0228291566795537,0.0230760037352042,0.0207441364790179,0.00463524752846392,0.00335171502850775,0.0122711278731362,0.0098750234857577,0.00903471008441587,0.0028972640731214,0.0166083089568972,0.0199834011605172,0.00529201239499947
C>T,ACA,0.0111805025843586,0.0117783777613629,0.0120434848322274,0.00408078772504018,0.011188355612263,0.0126616151003191,0.00588794447122353,0.0196212824850269,0.00415636564215613,0.00710111280624038,0.0191961172833498,0.00989801178695102,0.0112577588611098,0.0154154081749421,0.0129752548795346
C>T,ACC,0.00447597697561123,0.0107503269929372,0.0190665836626652,0.00304256177117673,0.0192331571455542,0.0113152351424201,0.00366495906688045,0.00640518634646404,0.00870453224832573,0.0138890630058082,0.00379007049830194,0.0148445594065669,0.00245534075117678,0.00588470819717652,0.016586191573004
C>T,ACG,0.00431314836780586,0.0207625949700591,0.00635528213306599,0.0249695209596234,0.00513471243168835,0.00372548367547052,0.00453977349682965,0.00281660438567118,0.00340679131257895,0.00775062477765343,0.0174279490702443,0.00725643644179018,0.0036381943475271,0.0137723797861898,0.0239638124142432
C>T,ACT,0.0166639409320579,0.00903615015364679,0.00708581846527208,0.00612345403792581,0.011609631306541,0.0126510369878847,0.0126308060919083,0.0157586294869165,0.00496974134268397,0.00982396747808062,0.014343562922327,0.0208669831418224,0.003862092989333,0.00353305811058195,0.0125740185767845
C>T,CCA,0.00312332996746832,0.00484243337146462,0.0164152632061388,0.00594942269416353,0.0177139029476617,0.00342885666767445,0.00479833001376666,0.023957108769852,0.00852616407515415,0.00918697874564825,0.00249040662512235,0.00901409071982968,0.00921951617400256,0.0230389126103419,0.0129208059159834
C>T,CCC,0.020484954403021,0.00572372709710574,0.00707385375464168,0.00558476324454741,0.0177352634327804,0.0080119439804661,0.00391736708168645,0.0102881796423936,0.0155445252875043,0.0194866538698966,0.00528589215779336,0.00842701634856756,0.0102954156566727,0.0157418418921663,0.00419932422999451
C>T,CCG,0.00386608108780022,0.00674478549942076,0.00495673627058941,0.00431491930814596,0.00532714335778038,0.00427030719031455,0.00479870710515276,0.0201339902815333,0.0113638402576282,0.011655161013642,0.00613675791375225,0.0036434757330251,0.00913988898960985,0.0164047587088371,0.0141202005884911
C>T,CCT,0.00327348423835835,0.00296345073858742,0.0238789037916826,0.00572934973976196,0.00739994992105474,0.00640429233142684,0.0029105949436686,0.00743669099147745,0.00669709239797841,0.026199400387194,0.00651030206557148,0.00526788689846175,0.0145649959137498,0.0131917842342223,0.00284894047836467
C>T,GCA,0.020081577912481,0.00712072894600399,0.00704126154139937,0.00506733401976439,0.0105416109520444,0.0131559416039624,0.00329618840344048,0.0031626069641232,0.00716962362650567,0.0162885679234659,0.00413504639412965,0.00713609238766577,0.0209760288243038,0.00428661955710443,0.00260281753046628
C>T,GCC,0.00526757026764518,0.00324688268692825,0.00726472242319702,0.0222300652519006,0.00262838660348638,0.00303706622440636,0.01958602109777,0.00682521601854182,0.00360959796918537,0.0180306328378457,0.0208534035513606,0.00921940548041159,0.0125623747511584,0.0166190874441475,0.0030665595809834
C>T,GCG,0.0124422671478924,0.00738809338257355,0.0251768508110974,0.00463875308705106,0.00650662828337872,0.0073922049127126,0.022333967813382,0.00563106458924959,0.0194197840121117,0.00352225549195339,0.00679158295182394,0.0103101977781046,0.0121693628204056,0.023435547299559,0.00349540955689646
C>T,GCT,0.0058022984879027,0.0260702380693757,0.0118148717409446,0.0230903185800024,0.0132259622957335,0.0193131369006183,0.0039137593314215,0.012440242504953,0.0103839794312049,0.0033930908705683,0.00621983319753956,0.0071943516011839,0.00771164545443169,0.00477141342155048,0.018333460230981
C>T,TCA,0.0149922193555145,0.00510518199396534,0.024060535468486,0.0184311507359942,0.00563416146759628,0.00846390590117426,0.00348556977252936,0.0041957303862556,0.0198515354742039,0.00950133805109234,0.00604252058735463,0.0254693891267377,0.00313722285291753,0.0107498412956281,0.0134102476992482
C>T,TCC,0.00550347505345308,0.0266206161179976,0.024692954576414,0.0106044136425225,0.004970336427721,0.00679873738614181,0.0183044985091403,0.0051771951891229,0.0104973541897051,0.0265781769194755,0.0127037420436106,0.0032769682272921,0.0216411008539444,0.00277809678376973,0.00282683925939417
C>T,TCG,0.0170439240391423,0.0202209174105464,0.00377074636665176,0.0106315628589029,0.00488010381901407,0.00998089339523263,0.0123090488439144,0.00782436144054168,0.00733313892369515,0.00916908366278515,0.0124707721486651,0.00452529696618288,0.00459108041226512,0.00336256116641256,0.0190783225389923
C>T,TCT,0.0101828180116057,0.00414898748939497,0.00315188616553136,0.0185196941945013,0.00600039404254041,0.0218530131217103,0.0131274572149103,0.0235581724655387,0.00627578444882226,0.0166227494373295,0.0218763043631851,0.00310054012681122,0.0192250922122775,0.0165088718149132,0.0133735510234098
T>A,ATA,0.0172949849811154,0.0198088519673567,0.025972367540671,0.0130968241132554,0.00730838924185495,0.0176247614782294,0.00489266756456461,0.00861974671595272,0.00460373362979777,0.00355089939274847,0.00506886703452009,0.0194300781459957,0.0140491113119154,0.00280029887182761,0.00401334315083792
T>A,ATC,0.00944540845162062,0.0185638559142782,0.00564093490219766,0.00556089995157019,0.0115904933348322,0.0117715657631694,0.00680019560824748,0.0194354045374992,0.0118221248564077,0.00563948159997403,0.00355990567131325,0.0200916249857565,0.00259219633813604,0.0229991207391155,0.0101560207064915
T>A,ATG,0.0142488079032438,0.00648984279292152,0.0078667950690693,0.0129958967531532,0.00375960713379109,0.00370817108752655,0.00579036028087636,0.00992058786316282,0.0202449151605117,0.0267701746666287,0.0176079134159966,0.00571672636813181,0.00350812220556825,0.0101095486688541,0.016909513876684
T>A,ATT,0.00318478536183062,0.00535541950515392,0.00469266590562729,0.0195229145153928,0.00453311595539192,0.0122620868876039,0.0147427042498676,0.00482759569609279,0.00440145432004545,0.00487063076723649,0.00956531692802974,0.00435615812591267,0.00672244625589507,0.00785574852165129,0.00441924528038061
T>A,CTA,0.00534468573047899,0.00931048544557957,0.00274562978108079,0.00316353790226681,0.00426171118945974,0.00644563838520176,0.0148560891597091,0.00445027579734479,0.00625189702076327,0.00498430686244891,0.0218114125569017,0.00315633683958871,0.00746411064157883,0.00572452764901549,0.019630635958634
T>A,CTC,0.0119055023738125,0.00289334671187228,0.00430663827266531,0.00704635753099673,0.00712729546325935,0.0193883807937286,0.00675397528230997,0.00804640625617865,0.00342236778269766,0.0255674942884397,0.00971447743682605,0.0163306938733608,0.00655618237568823,0.00471656856681548,0.0104419095338939
T>A,CTG,0.00525883163990426,0.00455974457914007,0.00910545798889095,0.00480280787340513,0.00314777279086991,0.00813255530573308,0.0195003396275361,0.0183273527589293,0.0183113616333824,0.00503548072795377,0.0086059999213419,0.00702238457411377,0.0138761876667245,0.0264509101851042,0.00361459093846843
T>A,CTT,0.00602879218680444,0.00648339022081074,0.01457187057367,0.0253592805347865,0.0236640506962745,0.00555049072222452,0.00826486935940505,0.00512814810951506,0.0103784057476233,0.0288111014386575,0.00467323590552374,0.00531664602274057,0.00620464382212109,0.00485443949077251,0.00325558781781717
T>A,GTA,0.00347715806454194,0.00314686331941491,0.00415549178293352,0.0055851949119597,0.012112125889575,0.0234365549604167,0.0255615884331244,0.0245912428777094,0.0172170809101043,0.017295458095142,0.0145253351421037,0.011051533582416,0.0205204438568372,0.00713206975266579,0.0163349150255585
T>A,GTC,0.00406039923877669,0.0120367375920345,0.00334329436451037,0.00685844293109623,0.00291910773482373,0.0123817644148157,0.0238097994488819,0.00609419444652029,0.00803917622958795,0.00853917282676414,0.00816224901226939,0.0100500499675607,0.0220522729035426,0.00573050439034604,0.0101711604210156
T>A,GTG,0.0095917868170794,0.0107160425555175,0.0184278736331044,0.00770820467198677,0.00394751151522297,0.00447076132390597,0.0104068747015393,0.0162743411836847,0.0167442494143741,0.00426709912539738,0.00836182099791459,0.0125951279116084,0.00244352346556732,0.00606845650142443,0.0177027398628352
T>A,GTT,0.00715525193859368,0.00419093532033281,0.0147827654464502,0.0109666746042615,0.0157328375028877,0.0185521716276701,0.00448318979245106,0.00501382745614603,0.00362737537498747,0.02546446848832,0.0111957242864778,0.010861010822272,0.0104719700870019,0.00774298785143439,0.0227902606991605
T>A,TTA,0.0137196423630768,0.00301176639837675,0.0115349724217498,0.0250409772804958,0.0228946450189707,0.00885105018914016,0.00925225033380572,0.0123930962909919,0.00385060307491975,0.0206057398476834,0.0204675202241625,0.00838721642784528,0.00850843354851285,0.0232356732809291,0.0239102311921529
T>A,TTC,0.00375246882159241,0.0093800383995242,0.00562356860057772,0.0042162469834366,0.0108030643128269,0.00471574434955074,0.00440441475037446,0.00671580075370744,0.00517572657005522,0.00399147992686237,0.00439816238514523,0.0188437454405903,0.0131679862474502,0.00577737214717736,0.0104923314995702
T>A,TTG,0.0223131756955394,0.00357510734108994,0.00878968818446948,0.00585496296187395,0.00846242515474732,0.0109885668586621,0.00433481370199076,0.0200364040855169,0.00731114415312364,0.00434973290556459,0.00475024009902239,0.0131929576290347,0.0120059203119596,0.0136877178951081,0.00314365369987458
T>A,TTT,0.00971551017912083,0.0274911719259505,0.0145593799503661,0.0062021199751557,0.00452339938671539,0.00436230141848148,0.00416270305535049,0.0105858630207477,0.0056516831276102,0.0184419776439917,0.00445337414503921,0.00704514659266933,0.00934741482026023,0.0100586288862521,0.0172505178104379
T>C,ATA,0.00271127220912275,0.00949579673879354,0.00354304306004533,0.00311958120088134,0.0118881828097495,0.00616630841743676,0.0179404626459746,0.00294639005182304,0.0132041039253412,0.00893601542771893,0.00240607739197605,0.00311385557805493,0.00498281555389336,0.0108128163148912,0.00589294987376799
T>C,ATC,0.012341414794429,0.0192616905147568,0.00409040770500055,0.0142247997081364,0.0194626444166807,0.00596843109184612,0.00734240971296024,0.00539613058558588,0.00284426985898584,0.01173728056313,0.0129393180463034,0.0211602914769669,0.00262348674894157,0.00619102626247363,0.00479488996741933
T>C,ATG,0.0060299422618546,0.0248071611316007,0.019667980767948,0.0169440327630527,0.00310267093399472,0.01142241495346,0.00894366496100304,0.0211279248664175,0.0251298284913366,0.00376307295441794,0.0188121517917551,0.00432931487553901,0.0148468970900327,0.00397594351265532,0.0227960445844032
T>C,ATT,0.0246054838299108,0.00458816938435279,0.00442136860226074,0.0154353147952662,0.00941639482000167,0.00857607226663527,0.0262771703539277,0.0059457954690057,0.019737119918412,0.0129355249197657,0.0137729167348584,0.00352434192587315,0.0209384134276399,0.00306849819269364,0.0147573981246055
T>C,CTA,0.0122322139887594,0.0112198003544211,0.0142384930321334,0.0114475740880215,0.0104314648303897,0.0126959128964111,0.00928020439655951,0.00257627114477265,0.0132535148039932,0.0106026730565676,0.0142916689760358,0.0243711206712161,0.00544518185848167,0.0167090017015175,0.00478840837666269
T>C,CTC,0.0201166104622891,0.00934091858105179,0.00823155639041331,0.0145851271160529,0.0235061899558643,0.00608754917598155,0.0093445542245985,0.00947950021359116,0.0105170438928665,0.00377743433690765,0.00474002942731379,0.00496084783861215,0.0227876400064486,0.0107725038901789,0.0169183757223308
T>C,CTG,0.0101083465443452,0.00564550416820107,0.0246772821494783,0.00931983598595913,0.0034616274144606,0.00522254227382499,0.00428116127709081,0.0191276302698991,0.014463549534499,0.009259050930057,0.0207999462324975,0.00327379292437112,0.0136195805441316,0.0144585854191573,0.00511405360892384
T>C,CTT,0.00784313867907864,0.024418031046491,0.01509606589823,0.0156169957914565,0.00446494590634308,0.00833813152711741,0.0194088704943316,0.0168510326669005,0.00741145209927861,0.012821730240452,0.0221063733220258,0.00515256863928593,0.0036050627825076,0.00298581828689842,0.00825977784831307
T>C,GTA,0.00883550319114223,0.00700823621172919,0.0033048694439913,0.00289260154766884,0.00623481257555412,0.00355201271087894,0.00571286341435951,0.0108618275399539,0.0172543027447962,0.0218627473888694,0.0205636864019112,0.00631234118193911,0.0105606263510626,0.00693671026111133,0.0135355228266723
T>C,GTC,0.0116326950653134,0.00565870951861556,0.00375021325652088,0.0173740962466691,0.0218122288592042,0.00530610391971329,0.00308719303717929,0.014219929985021,0.0233938448577339,0.0175748364381286,0.00275987169934956,0.00296019636462266,0.0078492966804352,0.00321815148797759,0.0138072658619284
T>C,GTG,0.0174097218001147,0.00407003216133013,0.0256687561267134,0.004883939862818,0.00599581664618846,0.0103765706591116,0.00282123953887461,0.0131652598119064,0.0180078789438182,0.0133919875044983,0.0101965034201142,0.00908868100032231,0.0146144959875509,0.00832003944551998,0.00871422975982842
T>C,GTT,0.0180859705287451,0.0077908590446855,0.0180713637640666,0.0132589821081743,0.00479864127483098,0.00844496332309355,0.00339333092025988,0.00693088701409151,0.00374001636741188,0.00478474313159335,0.0111647186577413,0.010246417749902,0.020874115247737,0.0065698362679909,0.00896879138820472
T>C,TTA,0.00989342082483599,0.017546813189373,0.0149586957575178,0.0112683081342752,0.00456942934025878,0.00550189126342502,0.0028737500139962,0.0234200863490735,0.015863533037121,0.00584967379148419,0.0122254453585852,0.0038317094154484,0.00337060365447214,0.017906632870132,0.00815480331533252
T>C,TTC,0.0101722168772436,0.0106741541981408,0.00737170871636375,0.0120308452582484,0.0167934648947133,0.0217235718152828,0.00638719851464381,0.00475150250209757,0.00349867428470094,0.0169676916524063,0.015313645154552,0.0046454996721061,0.0217355689955287,0.0167817978998114,0.0096987720701621
T>C,TTG,0.0232668743926922,0.0035653763453175,0.00941311308112193,0.00597762862418504,0.0135400943216652,0.00398340639916434,0.0228518716147672,0.0054908385965904,0.00915811654609592,0.0071393888674479,0.00558010782541828,0.0118433785161518,0.0179185680675752,0.0251790478442885,0.0210842951372835
T>C,TTT,0.00772151750483504,0.0179268501212835,0.00305653915284154,0.00748792059519811,0.0190198036439945,0.0115805445631915,0.00812971752321579,0.00254999493427798,0.0215494690134176,0.00461672432902479,0.0156488234085736,0.025800028394603,0.00255126415523872,0.00547794932551025,0.00549818625801215
T>G,ATA,0.00862599141839808,0.00491157658236733,0.00989901176793084,0.00274731665091482,0.00277425091479621,0.0119773155296264,0.0144649477427943,0.00433902280108449,0.0246196543877796,0.0117934984537488,0.0189472147045955,0.00363066614671512,0.00862882658829189,0.00396182681385663,0.00416709206200645
T>G,ATC,0.0108750066361736,0.00693995176657084,0.00584109660763969,0.00526131279497497,0.00997470861725377,0.0179571885163478,0.00515449487523476,0.00591019828835915,0.00351475335241823,0.00425613625549687,0.00962728276391004,0.00532875090369659,0.00252627823715098,0.00456898274824999,0.00347437351267179
T>G,ATG,0.00989014098632233,0.0240609562764316,0.00656385802085379,0.025261710536673,0.0113268735447078,0.0146318093272279,0.00811401217829079,0.0153108027957603,0.0173519283322716,0.0264755420913934,0.011694593173812,0.0110112505302847,0.00395723835086434,0.00681675706757857,0.0138177531403849
T>G,ATT,0.00671628362296458,0.0172863392192106,0.0230674522963043,0.00272279101729979,0.00971329666983929,0.0171786390240881,0.0238094255346408,0.0111793285297478,0.0190078164871589,0.00700499845790355,0.00700043792349296,0.023466268194442,0.00646925133663666,0.0126099770013822,0.0114689699875625
T>G,CTA,0.00723006121964769,0.00768065390201069,0.00447324401544252,0.00367662408875773,0.0237149946277971,0.0181162559439092,0.00650659737983491,0.00327263376631276,0.0170199122272278,0.0102233413447615,0.00525384926722417,0.00795935038718884,0.00355901356233087,0.002930538422478,0.0207849534550925
T>G,CTC,0.0257785233940147,0.0148199853387137,0.00530026360018408,0.00548538667920317,0.0182170494356181,0.00547247616663428,0.00279605117592557,0.00478548011048348,0.00540936595043845,0.00381021629551898,0.00308501501497,0.0265044671161911,0.00864013190067441,0.00453187606408461,0.00761469585948842
T>G,CTG,0.00383823815068486,0.00558327971023728,0.0124476697572213,0.00459338003060539,0.00767888603696979,0.00308165712443466,0.0122943916284609,0.0235586788386609,0.00787544070744741,0.00732363274532925,0.00870507811252238,0.015636151582489,0.0163197726273872,0.0152579736344255,0.00336559981409283
T>G,CTT,0.0037919110323732,0.00430079480405915,0.0136449423935161,0.010886526329263,0.0118903382091962,0.00517669865177966,0.0161226382539302,0.0229594116873197,0.0101907738028304,0.00706013594968698,0.0159876859342524,0.0128632771344484,0.00396164390439843,0.0153415772709111,0.0189043227415601
T>G,GTA,0.00531496448709367,0.00309938272808794,0.00915927184097632,0.021373765862575,0.0139283295465071,0.0218786071323225,0.0115165721828349,0.00740335163762998,0.0206275186675554,0.0223452452505528,0.0181021358285458,0.0173589218705784,0.00969911508930041,0.00534404297136167,0.00476738606144559
T>G,GTC,0.00510178337743291,0.00827450597216547,0.00356734214103171,0.0027676122735636,0.00618746840089395,0.00481387034937502,0.00982024051942336,0.00534939737119337,0.0189767326808709,0.00597522302026435,0.0106181368642094,0.00334978457992399,0.00355383762414686,0.0149893651872309,0.0107534479331232
T>G,GTG,0.00465349087630319,0.0158975530005174,0.0127581571448742,0.0114236440036542,0.012270544207399,0.0184972040283423,0.0266917591913296,0.00657900579502741,0.00443112827984576,0.0218269573380257,0.0112972253396242,0.0113740255082906,0.0162849447488248,0.0147516042424859,0.0115737096993695
T>G,GTT,0.0247533952782252,0.0110587302649548,0.00283850380254462,0.00370204197514514,0.0059035243109953,0.0184862073619426,0.00833503534075567,0.00712447225479028,0.00648204409115155,0.00376256760802637,0.0137653188312821,0.00587940381094966,0.0193729892956414,0.0225540579249626,0.00950624010338045
T>G,TTA,0.00464541728018618,0.0156387958592488,0.00497624078315312,0.00938020187684199,0.00389933299120222,0.0211898979029667,0.0140334421046557,0.0243627518632237,0.0033524672293869,0.00879949894874807,0.00877611621713859,0.00411400009937866,0.0172242312411007,0.0051908108418184,0.0026518329209203
T>G,TTC,0.0113858230378867,0.0051055000239172,0.00619373801893444,0.00404531745244057,0.0214444480299428,0.00682537305003647,0.00995930736615204,0.00591592474797765,0.0161526113064204,0.0108084326011303,0.0108219024510784,0.00328534970357866,0.0231357399473252,0.00302423203491724,0.00642176386667909
T>G,TTG,0.0116877832177002,0.0104865603536171,0.00322895374256338,0.00697303226652919,0.0234997487422089,0.00590194058607714,0.0162673759963009,0.00766069419502993,0.00281967396402423,0.00506310563400497,0.014916081644815,0.003446217714588,0.0228192591046885,0.0262078515517797,0.0122336991377148
T>G,TTT,0.00873515127557732,0.0122119181756968,0.0181038695080471,0.0208375423898256,0.00685348895481113,0.00530990957488403,0.00421411201746683,0.0092223491851044,0.00758192016869876,0.0134269362501928,0.00998929737473772,0.014747242148301,0.0103837373516299,0.00439064405818255,0.0097534361878583
