Mutation type,Trinucleotide,S1,S2,S3,S4,S5,S6,S7,S8,S9,S10,S11,S12,S13,S14,S15,S16,S17,S18,S19,S20,S21,S22,S23,S24,S25,S26,S27,S28,S29,S30,S31,S32,S33,S34,S35,S36,S37,S38,S39,S40,S41,S42,S43,S44,S45,S46,S47,S48,S49,S50,S51,S52,S53,S54,S55,S56,S57,S58,S59,S60,S61,S62,S63,S64,S65,S66,S67,S68,S69,S70,S71,S72,S73,S74,S75,S76,S77,S78,S79,S80,S81,S82,S83,S84,S85,S86,S87,S88,S89,S90,S91,S92,S93,S94,S95,S96,S97,S98,S99,S100,S101,S102,S103,S104,S105,S106,S107,S108,S109,S110,S111,S112,S113,S114,S115,S116,S117,S118,S119,S120,S121,S122,S123,S124,S125,S126,S127,S128,S129,S130,S131,S132,S133,S134,S135,S136,S137,S138,S139,S140,S141,S142,S143,S144,S145,S146,S147,S148,S149,S150,S151,S152,S153,S154,S155,S156,S157,S158,S159,S160,S161,S162,S163,S164,S165,S166,S167,S168,S169,S170,S171,S172,S173,S174,S175,S176,S177,S178,S179,S180,S181,S182,S183,S184,S185,S186,S187,S188,S189,S190,S191,S192,S193,S194,S195,S196,S197,S198,S199,S200
C>A,ACA,11,186,81,189,64,40,162,68,103,108,117,61,28,117,61,48,55,89,220,90,149,146,105,103,80,103,326,185,150,94,214,171,71,78,156,41,183,289,73,99,23,275,121,73,224,192,108,225,95,111,264,8,95,118,95,20,84,132,59,61,133,35,121,182,150,63,133,206,133,314,36,103,77,38,158,212,37,248,187,348,28,213,67,45,136,22,115,75,78,24,197,172,61,6,240,148,118,119,53,53,444,83,142,310,20,134,2,135,350,234,96,295,3,199,110,175,144,236,23,153,237,16,119,89,134,160,91,95,126,168,229,112,262,197,111,86,162,158,63,112,149,29,154,210,51,87,188,184,197,158,78,64,176,68,152,19,56,157,92,284,105,148,76,49,83,27,171,108,143,114,228,102,275,60,97,78,195,94,63,114,187,270,244,107,126,67,143,77,158,73,73,95,163,38,115,157,25,3,17,150
C>A,ACC,7,166,121,236,56,53,203,71,133,78,181,43,32,111,46,60,36,103,230,100,132,184,120,82,63,108,254,194,112,114,239,196,80,79,193,39,177,381,54,111,25,379,139,78,250,215,115,235,79,119,214,19,55,123,102,32,83,145,42,40,126,33,159,126,149,77,148,147,90,277,13,82,81,48,144,273,29,321,141,401,42,222,56,38,142,18,111,78,73,29,164,183,65,6,206,181,102,79,58,70,613,50,210,291,27,132,3,138,354,187,106,324,2,256,123,198,145,269,21,123,267,16,134,59,114,131,111,112,159,184,218,124,204,256,166,76,185,137,42,81,165,39,154,213,46,100,154,154,192,154,68,45,190,70,169,15,59,130,72,292,77,198,111,54,92,24,196,111,187,106,265,118,211,52,103,93,288,130,58,109,173,404,204,128,120,90,185,64,128,71,69,92,140,47,73,141,14,4,24,125
C>A,ACG,5,453,54,133,48,23,251,55,88,91,97,45,13,81,64,44,21,93,304,77,137,108,57,54,52,111,234,199,130,103,166,186,59,144,174,65,485,220,85,87,25,195,104,52,168,129,84,147,103,190,202,5,81,138,123,15,119,102,27,59,323,23,97,110,136,64,122,174,62,215,27,94,67,24,71,169,23,205,150,263,83,144,83,59,100,10,115,104,81,20,113,176,148,4,184,174,78,120,87,40,328,63,105,311,46,141,4,98,190,219,64,284,1,209,85,121,77,220,26,157,349,16,76,53,114,158,74,169,88,114,176,128,196,148,76,79,131,154,33,88,103,34,303,125,125,69,168,170,155,296,73,58,190,87,162,12,153,122,56,182,115,107,77,114,110,71,155,68,130,80,166,66,260,33,125,70,133,72,126,192,116,213,223,108,106,59,101,192,97,67,62,63,86,21,57,232,28,2,8,85
C>A,ACT,14,122,38,174,51,38,96,86,113,112,33,73,28,59,88,60,44,63,149,102,184,70,70,48,62,116,366,135,162,73,184,142,66,122,139,87,207,179,70,98,25,140,128,55,138,103,126,136,82,99,310,4,123,77,85,27,82,120,40,56,172,43,77,199,146,142,127,221,290,274,28,142,63,52,100,192,21,180,203,217,30,146,68,52,142,18,58,95,56,31,145,196,90,19,249,86,165,157,56,44,169,90,43,250,19,132,10,114,269,290,69,249,4,105,101,144,128,229,37,193,142,12,62,78,167,152,67,94,96,132,217,90,274,94,60,88,103,166,32,127,91,66,319,178,59,88,201,178,170,178,78,87,109,75,159,16,33,151,114,302,85,83,55,64,106,68,58,123,104,86,149,71,317,75,97,69,84,77,51,82,197,110,249,125,129,55,89,55,149,55,110,82,113,34,105,158,42,2,11,154
C>A,CCA,6,158,117,179,73,31,217,59,148,75,185,26,25,135,55,44,42,88,271,131,130,178,129,99,72,92,272,188,97,126,214,182,68,75,195,22,175,353,57,120,24,388,167,72,283,242,106,246,71,117,211,12,97,90,79,24,75,187,48,43,150,19,149,135,137,67,184,138,326,275,25,91,68,57,164,240,28,358,159,401,32,212,50,27,119,24,83,70,79,20,172,173,65,12,213,184,143,94,67,87,601,88,216,240,16,82,10,141,377,166,98,299,2,262,124,233,115,251,41,125,268,18,134,59,105,119,82,136,198,208,242,121,153,254,168,77,174,136,45,72,170,16,138,318,51,106,102,149,254,158,73,55,207,72,160,12,52,130,86,399,88,200,116,23,73,25,160,107,224,108,273,131,144,69,72,82,267,122,61,113,210,418,149,111,118,71,160,62,111,45,73,87,149,33,84,145,10,5,19,166
C>A,CCC,9,470,87,275,83,62,269,78,141,156,131,91,40,94,103,83,52,87,336,135,178,124,103,118,102,173,470,220,193,134,283,235,70,158,199,44,539,293,98,126,30,267,178,68,264,200,171,235,166,214,376,23,164,113,86,42,111,163,60,94,361,35,154,228,175,126,177,288,159,370,39,141,72,53,140,304,24,268,272,377,108,230,105,85,174,29,64,121,98,30,166,202,182,13,349,210,140,151,137,62,360,96,126,338,50,209,13,177,341,323,96,406,2,277,109,220,172,238,39,208,377,12,100,110,153,251,114,198,183,187,305,86,393,163,113,74,183,237,51,143,166,49,307,228,167,130,268,250,233,325,128,97,261,73,172,30,144,202,100,350,165,174,88,106,140,56,72,157,177,108,283,113,421,71,91,71,181,106,134,193,225,256,335,140,136,68,153,204,202,67,88,117,166,55,119,282,33,6,32,157
C>A,CCG,5,308,123,320,72,82,253,89,157,102,176,66,37,91,72,53,48,93,271,122,152,163,126,90,76,123,384,218,135,132,296,250,84,124,209,42,370,385,62,124,22,376,158,80,293,232,171,256,98,181,297,13,88,101,80,55,86,150,49,66,234,39,164,183,166,97,158,175,65,318,20,84,74,58,175,258,27,314,204,417,68,235,75,60,138,14,61,95,81,30,180,216,122,8,247,208,97,115,77,71,558,62,200,282,46,188,8,156,352,215,110,363,1,277,122,219,216,274,27,150,344,10,134,68,123,172,96,160,147,179,239,88,222,237,165,65,196,168,43,88,180,53,202,224,92,128,163,196,209,255,113,68,245,68,186,15,100,182,67,269,104,212,113,92,111,38,121,175,197,87,269,109,277,67,73,90,271,142,93,144,216,399,246,130,128,80,176,128,187,51,78,99,166,67,101,187,20,2,22,148
C>A,CCT,5,434,56,264,64,69,167,74,92,60,62,39,38,42,64,59,58,51,246,88,96,49,80,56,56,98,421,175,79,98,178,190,42,126,110,26,440,176,64,74,22,115,133,55,192,118,145,118,95,175,252,17,84,90,72,47,87,108,57,77,279,35,82,169,157,62,105,121,101,153,18,87,31,48,150,178,29,125,166,176,87,103,60,47,122,22,32,84,67,29,208,123,147,6,142,153,99,121,97,26,172,81,51,146,48,156,7,85,210,137,42,181,1,144,71,79,214,89,29,110,296,7,69,49,55,143,71,151,100,78,176,65,156,93,57,55,128,119,38,61,78,32,187,132,114,93,108,144,198,251,141,61,160,38,125,12,128,192,46,188,113,102,41,100,101,36,65,180,91,47,139,58,217,71,58,55,100,70,93,157,177,105,188,121,77,48,102,181,158,33,64,31,183,57,108,180,9,3,31,161
C>A,GCA,4,192,82,140,71,19,175,50,142,87,123,31,15,124,56,28,43,82,322,116,111,149,95,68,61,79,287,180,107,123,174,171,62,92,164,20,188,281,71,101,26,275,170,67,238,175,109,185,70,114,232,4,131,121,96,26,95,162,45,49,179,14,105,143,135,84,189,176,341,234,17,95,64,48,144,188,35,274,185,316,32,165,50,35,99,14,124,81,67,16,203,139,75,17,207,157,140,90,78,78,455,89,148,259,19,86,19,136,291,149,74,280,1,188,123,218,114,196,45,133,244,26,108,48,89,119,69,121,185,184,226,178,173,199,118,77,139,140,45,80,122,31,141,274,66,99,119,149,240,154,70,64,165,69,138,9,62,128,78,371,96,155,86,24,62,24,189,115,199,93,217,93,158,75,80,83,189,89,61,116,201,282,167,110,95,59,134,72,95,57,85,74,138,23,98,171,12,2,12,176
C>A,GCC,4,140,42,92,38,24,99,53,66,58,38,26,16,64,68,40,18,55,177,86,152,51,37,65,60,82,192,98,82,71,104,100,35,84,119,66,186,121,33,74,15,113,78,40,87,87,72,119,68,89,137,4,96,50,75,17,57,59,31,29,166,16,54,94,102,66,97,114,67,145,43,71,47,23,41,100,12,133,116,166,34,87,49,25,95,23,51,67,57,13,59,156,81,5,143,82,73,133,54,38,149,48,44,153,15,66,9,78,122,198,33,132,1,84,59,92,48,177,21,115,125,9,56,47,98,92,43,68,94,65,121,88,120,75,47,81,81,83,39,59,76,23,272,88,53,64,93,96,86,139,33,69,102,66,133,12,41,98,48,142,81,64,55,44,73,63,54,67,105,66,104,69,148,28,89,49,65,56,59,100,77,110,130,110,80,36,51,63,112,29,47,34,42,22,37,101,25,7,5,70
C>A,GCG,10,248,66,158,41,35,180,65,98,58,104,28,27,56,65,69,25,69,193,88,144,86,80,55,49,111,261,148,86,88,158,148,46,110,164,69,312,212,46,96,20,214,108,47,158,137,93,143,75,131,165,17,73,66,79,24,73,102,27,38,217,27,106,109,126,96,113,110,82,184,23,109,50,33,80,190,12,224,115,243,62,128,59,37,126,18,37,85,63,21,84,177,115,7,157,136,97,125,75,53,299,56,107,185,29,100,5,87,242,202,59,220,3,190,82,117,87,219,22,125,231,7,73,48,114,113,73,121,115,102,164,73,146,135,96,68,117,112,22,61,102,31,307,132,78,76,117,127,134,213,65,59,152,69,160,12,80,118,74,195,74,115,86,66,103,64,67,94,137,68,164,81,185,41,97,60,149,90,77,118,117,233,156,118,114,57,101,107,103,35,59,55,93,31,43,142,23,3,19,89
C>A,GCT,8,215,84,185,74,25,221,84,155,179,120,101,16,137,79,49,25,115,337,143,208,185,86,72,69,148,327,214,232,131,267,217,107,135,204,84,278,342,114,135,32,313,197,79,216,176,142,223,123,152,405,4,172,164,139,26,139,197,31,60,261,32,139,204,174,88,225,348,463,410,28,133,105,67,95,311,28,340,284,412,41,246,97,70,153,13,172,118,83,36,158,248,111,18,385,171,199,144,90,76,485,100,150,471,26,173,13,195,323,375,115,403,1,217,139,268,100,343,60,265,273,31,106,90,205,207,110,164,186,259,315,197,415,217,124,114,170,258,39,182,162,47,363,306,107,119,304,248,259,236,66,97,191,117,197,23,76,143,119,506,133,169,103,81,114,73,203,97,212,139,283,118,420,75,144,108,199,116,93,142,248,297,348,154,150,88,158,85,147,108,126,132,92,29,101,261,51,3,6,171
C>A,TCA,9,187,134,214,65,36,258,67,130,157,195,88,30,149,46,44,32,123,284,126,153,241,118,92,80,121,244,219,206,135,283,215,84,88,213,30,219,434,101,125,35,438,160,76,281,237,110,275,101,126,323,4,111,162,121,20,111,195,35,61,170,22,173,164,143,70,181,291,261,420,13,114,107,57,137,261,31,383,211,491,36,289,90,67,138,31,173,94,87,13,164,190,66,10,342,194,158,62,54,81,693,75,235,462,27,177,3,180,419,269,132,456,3,310,132,272,115,345,33,189,311,25,143,88,177,191,108,147,167,269,291,155,354,297,173,96,185,223,43,142,199,18,148,298,73,98,266,236,238,183,52,54,228,95,159,22,75,107,119,431,103,228,115,31,66,31,246,71,212,165,338,122,338,60,114,100,292,123,85,141,224,449,328,116,150,76,194,77,125,100,89,151,121,33,93,228,32,8,7,130
C>A,TCC,3,211,70,259,60,63,139,71,81,209,68,144,32,114,98,51,40,90,216,107,183,138,57,137,117,171,358,156,269,91,280,174,63,96,146,35,248,273,100,93,26,200,124,56,166,144,144,240,180,112,425,16,154,140,91,30,99,109,61,85,186,22,125,233,146,100,126,397,79,456,50,82,95,41,83,269,28,178,280,368,56,254,105,94,174,28,140,99,75,19,139,172,92,11,436,123,115,111,80,27,269,63,71,458,29,237,5,195,242,407,96,422,1,165,84,214,144,251,18,223,197,17,94,137,180,274,126,85,137,204,303,96,571,129,70,89,143,258,76,201,164,44,215,160,110,99,393,255,156,166,66,93,185,69,124,43,60,152,88,321,157,135,46,45,86,34,120,101,96,139,270,94,536,48,102,67,131,71,86,124,196,141,441,121,113,57,150,92,238,108,87,153,96,56,127,243,50,8,20,112
C>A,TCG,13,124,55,135,58,27,114,58,127,79,76,27,26,106,85,68,34,55,249,122,118,81,68,92,84,89,243,114,95,100,135,118,51,95,142,28,171,184,51,93,27,176,158,60,153,129,106,154,93,87,199,16,144,62,60,26,63,138,44,31,174,27,90,117,107,130,165,154,347,178,40,149,46,48,68,210,16,208,149,225,42,134,48,31,146,20,56,74,68,23,102,127,78,21,198,115,156,105,100,68,245,91,80,149,13,73,20,121,269,177,53,215,4,149,99,178,65,135,46,125,150,17,71,75,95,120,65,106,196,136,215,112,179,105,83,70,113,122,50,85,104,47,174,226,67,109,111,122,190,113,53,71,140,50,109,16,31,118,102,355,102,107,60,28,96,25,64,91,155,82,170,105,161,66,68,65,124,75,46,83,161,156,150,107,79,54,97,56,120,38,80,61,86,32,61,144,11,4,18,136
C>A,TCT,6,255,134,159,79,16,324,55,197,91,250,30,12,175,66,39,29,122,332,142,140,240,139,106,79,101,181,243,131,145,257,226,110,116,266,30,296,453,81,138,30,508,184,88,342,293,93,300,85,169,220,7,68,134,113,11,108,235,38,43,215,28,188,108,140,100,217,155,435,336,24,94,97,65,158,315,29,458,163,509,49,276,63,43,108,11,123,90,102,35,158,216,80,20,239,249,153,79,72,99,824,97,300,345,26,92,7,164,428,190,138,432,1,362,161,294,71,319,55,159,395,23,159,65,130,155,95,208,205,265,283,149,166,330,217,80,225,182,44,100,212,56,142,400,72,120,126,183,308,234,72,41,279,99,195,10,97,115,91,485,102,237,149,84,118,33,225,59,263,123,325,159,189,65,94,105,354,150,92,155,240,564,170,97,131,104,196,106,81,68,95,116,131,23,77,214,11,2,10,165
C>G,ACA,3,226,70,178,86,18,188,69,139,169,112,93,14,156,84,34,52,101,332,134,178,175,105,105,80,147,421,216,220,120,245,197,78,105,180,48,222,315,117,121,29,282,200,69,252,200,133,234,132,129,411,10,173,163,120,19,133,208,60,78,217,16,129,244,186,68,217,345,533,419,38,108,90,63,162,294,43,316,288,401,31,236,84,62,150,14,170,105,78,26,247,201,94,19,383,163,207,149,90,67,442,129,132,442,17,150,13,186,339,351,101,377,1,194,131,258,135,281,57,240,261,32,118,99,169,213,115,137,204,265,342,186,433,208,110,109,159,248,62,177,157,19,281,354,96,104,295,237,315,204,92,97,187,100,176,27,68,173,113,540,144,159,86,28,80,48,212,123,192,134,287,114,392,92,121,92,177,93,81,133,285,257,328,135,142,71,163,84,162,101,123,127,166,28,152,249,42,1,20,232
C>G,ACC,7,387,64,155,61,31,249,49,96,133,114,67,16,113,78,36,31,82,322,94,125,124,66,111,89,110,254,181,164,110,201,181,53,118,172,27,432,244,87,92,23,241,119,55,202,171,103,210,129,170,248,3,134,110,75,21,94,116,38,62,293,18,115,143,111,67,143,235,88,295,46,112,66,24,81,168,21,229,193,334,70,200,91,68,111,10,99,90,87,9,98,156,126,7,266,174,84,105,98,57,359,75,124,320,38,157,10,139,257,237,78,341,2,244,85,192,81,208,26,159,326,15,91,93,123,190,69,156,131,154,223,101,274,153,90,63,139,183,57,110,146,23,198,183,128,91,200,200,164,253,64,69,232,69,125,20,127,126,79,237,139,137,74,72,90,39,114,70,155,95,214,84,296,37,81,63,149,75,119,167,141,244,260,75,103,43,109,170,144,60,55,99,89,31,74,237,26,1,6,87
C>G,ACG,8,129,131,285,57,80,210,89,138,80,174,41,33,111,51,42,27,89,274,122,122,173,106,85,71,75,221,171,98,135,247,215,75,82,191,33,192,384,39,115,22,392,152,83,236,214,150,243,64,125,209,4,97,84,67,58,62,133,27,23,155,32,150,111,124,54,166,130,69,240,24,98,70,55,112,189,18,323,143,399,31,217,59,36,134,9,82,70,71,16,107,195,69,3,196,175,91,80,60,89,590,44,210,231,32,154,11,145,332,148,98,281,2,252,112,222,163,268,25,110,248,15,133,54,108,101,70,117,164,169,189,120,117,242,169,69,169,115,45,55,176,24,137,208,47,127,97,145,160,145,52,56,208,64,155,8,49,124,73,248,76,213,114,43,73,22,144,136,222,90,239,111,145,52,72,100,278,143,60,97,159,416,185,120,107,70,159,53,165,43,58,82,90,65,43,123,12,1,7,98
C>G,ACT,3,427,172,323,80,84,385,81,177,98,256,44,40,110,67,51,24,103,387,165,140,203,134,100,85,114,287,239,109,184,316,289,76,143,263,22,539,458,59,148,27,506,185,79,348,287,171,297,97,236,240,8,114,81,67,63,84,183,27,57,352,23,201,121,137,79,202,140,65,300,20,97,73,64,143,230,11,421,184,502,100,258,88,63,119,24,38,101,103,12,94,226,165,6,245,274,88,87,107,108,729,54,285,263,59,186,14,170,376,160,117,412,1,402,120,279,170,316,36,131,461,10,149,53,114,161,73,239,197,205,237,89,124,297,218,58,214,166,30,49,222,23,200,275,136,151,100,198,217,325,96,61,332,79,189,10,151,144,66,291,114,279,157,93,104,47,103,150,288,99,326,134,187,53,56,93,340,168,139,202,192,571,207,127,128,70,180,185,157,25,53,103,115,65,42,228,11,7,11,99
C>G,CCA,4,205,137,180,77,24,275,46,159,87,248,36,26,133,53,55,46,101,246,122,150,215,166,118,71,130,325,221,116,123,263,197,73,68,229,24,218,418,59,137,20,487,158,69,349,303,98,298,86,136,223,23,71,90,77,14,75,202,54,57,146,16,194,161,150,74,180,155,237,367,19,69,79,49,209,314,29,429,175,499,46,264,56,35,120,27,68,73,84,22,183,197,76,9,259,221,124,98,68,91,745,79,278,297,16,84,3,158,448,215,127,387,1,344,133,263,117,314,31,136,334,12,156,70,125,154,114,148,207,243,277,86,228,309,211,66,208,167,38,83,208,13,169,340,62,99,148,178,265,205,87,51,252,77,189,19,68,140,84,408,87,240,147,27,84,28,160,103,244,118,347,150,208,60,76,75,337,142,74,124,224,541,170,106,150,83,197,81,104,51,66,118,191,27,99,159,14,6,32,166
C>G,CCC,10,222,45,182,75,32,175,74,116,184,70,105,18,141,109,54,29,70,281,142,172,110,59,137,108,143,312,148,228,102,229,162,77,114,152,46,302,221,104,108,25,197,179,61,162,157,135,218,164,133,396,10,193,93,63,23,98,182,44,58,265,29,116,203,129,70,193,343,526,386,67,148,73,65,53,292,15,249,268,331,46,227,96,70,170,12,92,91,86,31,88,193,109,19,398,135,198,148,112,54,241,125,75,352,20,165,13,183,282,380,89,330,3,180,92,234,69,219,61,241,211,21,74,132,179,229,90,158,190,224,323,92,443,109,72,87,138,251,65,191,157,28,281,310,124,122,292,230,248,200,69,100,199,79,127,33,63,146,124,503,166,118,57,65,115,47,56,74,150,118,240,122,427,69,83,69,108,80,91,117,234,148,330,101,111,57,108,101,197,76,104,123,69,40,97,250,43,2,11,154
C>G,CCG,13,414,83,155,77,24,252,66,127,92,124,34,35,86,73,72,55,88,321,123,178,117,114,71,70,124,420,222,121,129,195,199,55,145,192,63,453,248,85,124,32,256,154,64,260,190,116,186,93,188,250,9,138,105,114,21,108,161,55,82,317,30,118,186,171,108,167,178,204,262,26,152,63,43,168,191,31,278,204,309,80,166,81,51,128,43,71,111,96,19,198,192,155,10,216,192,152,163,101,72,386,107,133,261,36,116,11,119,359,222,76,297,4,249,115,169,131,247,40,169,354,15,100,66,138,163,73,182,150,147,232,122,186,184,109,95,157,164,35,83,125,25,314,227,118,94,140,198,233,304,113,82,211,87,189,13,131,177,108,306,120,150,97,80,110,73,124,132,189,111,228,98,236,73,109,71,163,92,117,195,194,277,208,142,150,55,116,178,114,46,80,73,185,22,107,222,25,9,20,169
C>G,CCT,8,104,57,161,35,42,89,73,66,53,42,32,30,58,59,47,24,52,123,99,130,63,51,42,53,75,203,98,85,73,123,110,32,84,112,55,161,159,43,72,23,130,98,38,99,86,84,105,52,75,178,4,71,55,73,25,59,99,28,32,140,22,61,100,109,70,89,109,232,147,25,92,44,50,59,112,13,153,96,158,30,91,47,27,115,31,45,67,52,14,88,141,69,9,141,77,130,105,37,33,165,65,49,146,18,93,4,66,178,172,37,137,2,90,60,81,92,171,28,112,117,9,57,41,103,86,43,85,82,89,141,68,117,90,56,85,75,88,28,63,73,17,220,139,37,65,96,100,137,120,50,53,88,62,119,10,31,95,75,228,61,77,47,30,63,56,61,83,85,78,114,66,147,52,78,56,81,62,45,86,130,118,153,114,85,37,68,48,110,30,68,39,63,35,47,104,22,9,7,100
C>G,GCA,10,369,79,267,57,70,241,90,95,114,113,68,30,137,100,48,37,91,290,116,130,130,73,127,109,113,245,189,164,118,221,206,53,134,196,35,428,298,88,93,31,258,135,65,196,184,124,231,135,169,266,6,97,124,89,35,103,138,45,55,285,29,125,137,138,77,133,206,183,278,60,129,71,51,80,183,24,244,147,340,70,210,93,67,168,11,107,99,96,14,116,183,121,10,248,178,125,117,87,47,374,95,124,309,47,200,3,125,284,247,76,325,3,242,88,165,133,221,28,156,324,15,110,100,129,190,78,167,126,157,242,94,244,165,98,90,148,169,77,113,160,26,201,213,107,105,192,189,207,239,77,63,239,77,146,20,120,146,94,279,140,144,71,73,104,42,132,94,132,106,206,98,285,55,99,84,174,94,112,167,177,249,285,102,106,57,132,165,200,63,77,90,92,64,73,234,24,1,8,113
C>G,GCC,11,415,76,258,76,55,247,75,105,190,110,116,36,89,73,59,53,86,328,108,155,139,97,94,81,152,473,215,229,123,282,228,62,128,160,38,465,286,116,114,28,252,164,63,242,179,166,216,149,185,418,10,186,132,82,41,114,152,47,95,317,30,139,253,160,69,168,355,144,413,26,154,73,44,141,238,29,252,295,379,76,242,114,91,156,20,107,110,82,14,180,179,153,6,383,179,142,129,113,61,348,94,113,414,45,236,10,179,359,326,100,406,4,256,99,223,182,252,31,221,342,18,94,113,175,242,101,167,146,205,297,105,449,166,94,70,154,256,45,159,156,13,268,211,154,108,316,279,211,291,109,94,231,71,141,28,130,183,120,333,151,169,73,69,91,44,115,148,166,120,277,79,461,70,91,72,154,90,123,167,224,229,390,115,148,47,143,177,193,83,83,136,164,47,130,282,42,2,19,147
C>G,GCG,3,246,64,205,55,45,123,64,78,78,70,52,34,54,58,56,49,60,168,90,137,81,86,60,53,120,389,153,110,81,178,149,37,87,115,43,247,196,61,83,20,156,118,43,176,127,112,137,88,113,260,20,81,88,83,27,80,114,54,70,174,20,91,178,155,63,102,167,153,233,17,65,48,45,144,201,28,167,170,220,55,125,56,41,126,34,56,78,56,22,192,140,102,6,204,119,118,122,65,28,222,72,66,215,26,124,3,97,225,217,53,208,1,128,72,102,164,170,24,133,202,9,75,55,97,143,88,98,110,119,199,72,246,120,70,75,115,135,33,86,91,15,235,154,75,69,168,146,186,182,103,65,122,56,139,19,69,157,60,253,90,107,55,43,73,47,89,139,95,80,181,72,255,63,81,51,113,69,65,118,177,144,211,131,103,49,113,99,137,49,69,60,162,39,108,147,23,8,31,154
C>G,GCT,7,372,63,208,52,54,203,60,101,93,82,54,29,58,73,48,31,59,251,97,102,77,55,63,71,94,265,151,117,102,185,176,47,133,143,24,442,200,66,79,25,170,117,48,172,118,121,144,101,165,230,6,101,81,63,38,79,102,33,61,286,27,92,124,106,105,112,161,79,198,23,103,46,40,76,151,14,160,159,227,84,139,73,63,104,18,42,88,71,17,97,128,136,12,191,150,84,84,90,41,233,60,82,201,46,158,11,105,201,162,57,275,2,190,73,138,124,142,28,123,288,8,64,61,89,158,53,158,99,102,176,65,186,104,72,48,117,142,33,77,103,49,170,133,120,95,139,160,145,241,86,56,188,48,108,13,120,126,62,187,109,115,54,93,98,38,50,107,114,64,159,62,241,48,53,55,116,70,103,151,140,167,214,89,76,41,92,165,132,36,60,66,89,43,65,204,16,4,10,88
C>G,TCA,8,294,51,213,57,39,162,58,90,216,72,146,27,77,76,77,31,92,230,78,178,130,59,93,78,193,390,173,271,81,276,176,82,110,135,56,325,248,111,97,25,178,129,56,154,117,138,191,183,137,436,27,153,157,105,22,117,111,45,86,231,33,134,235,153,101,135,417,61,453,24,106,93,32,71,354,24,182,302,346,76,243,108,98,172,18,142,109,66,35,131,173,123,9,438,135,114,109,106,27,259,54,67,489,33,231,5,196,254,428,105,435,2,184,91,203,119,247,22,248,236,17,68,128,191,279,151,108,138,204,304,105,626,120,66,69,151,285,42,214,139,57,303,127,142,91,432,271,146,221,76,90,168,70,131,42,90,150,93,328,150,125,52,91,120,43,124,91,99,124,275,84,598,41,123,64,131,72,97,129,181,126,447,125,127,74,155,122,184,126,88,155,106,38,118,270,54,4,30,101
C>G,TCC,5,198,105,146,77,20,237,70,168,76,169,20,18,134,77,41,40,97,320,148,181,167,125,85,68,104,313,207,105,138,204,196,72,114,228,64,247,335,63,138,25,374,180,72,279,236,112,237,67,144,221,4,127,93,104,24,95,190,44,45,221,18,137,151,160,96,211,146,387,274,34,110,74,57,159,215,28,378,181,393,35,193,59,29,117,20,88,95,85,20,173,229,99,16,218,189,162,153,76,98,567,102,201,258,18,71,16,140,355,215,91,298,2,250,138,240,100,308,51,163,288,21,131,51,134,118,70,154,200,202,245,159,127,247,162,101,165,144,42,75,161,26,294,328,64,110,95,158,262,221,74,80,210,101,211,8,66,145,94,407,94,186,132,37,90,65,159,118,252,105,253,128,145,76,104,93,240,127,79,137,217,412,144,137,142,72,141,79,109,41,93,79,139,24,85,168,23,4,12,184
C>G,TCG,11,90,32,99,37,12,102,37,57,136,51,86,17,54,39,36,21,43,113,61,98,86,49,50,43,91,225,89,167,48,159,91,42,52,77,28,144,149,72,66,16,144,90,29,108,89,75,119,82,60,271,4,115,60,33,9,54,105,16,45,115,18,79,151,69,52,96,254,232,294,12,108,48,30,52,165,9,160,180,221,18,158,65,54,92,12,59,54,37,10,63,100,52,9,276,66,120,61,47,34,177,60,58,270,9,119,4,113,236,239,70,255,4,131,56,150,53,168,24,154,115,10,39,81,139,145,59,75,82,152,195,40,338,84,49,38,72,176,15,127,91,10,152,159,67,52,232,172,119,114,36,53,102,42,62,21,29,72,101,281,71,85,36,17,46,23,42,40,82,85,171,51,318,40,47,34,75,45,45,49,143,116,248,47,95,25,74,42,90,56,61,105,62,14,71,151,34,1,6,77
C>G,TCT,2,378,55,200,67,39,222,55,114,181,79,110,19,71,81,35,28,68,315,112,138,108,55,68,69,140,375,169,212,113,243,197,56,137,148,32,458,224,103,98,24,189,157,43,192,126,150,169,139,173,387,5,185,108,66,38,106,133,29,83,331,14,108,207,122,97,166,336,218,358,21,107,63,43,79,209,16,205,283,308,80,192,101,90,108,9,83,107,64,12,114,156,157,16,366,151,120,105,112,53,235,73,78,364,43,202,18,169,213,303,78,386,1,200,83,225,124,212,40,211,293,17,61,87,147,225,76,165,140,186,265,102,417,112,71,52,115,244,28,149,124,36,272,196,162,103,289,241,180,277,86,91,203,67,117,25,121,137,82,325,139,134,63,72,84,51,61,118,152,87,230,61,424,59,65,57,102,70,119,152,198,166,341,96,105,36,107,161,153,67,85,122,87,34,100,278,42,1,9,118
C>T,ACA,10,194,78,209,56,41,186,67,100,128,126,76,31,115,81,73,26,71,191,122,136,129,88,119,88,142,264,143,168,93,221,149,54,84,162,30,255,273,78,102,25,269,153,49,184,180,107,213,134,111,297,26,108,78,56,20,77,174,39,47,194,22,144,151,122,72,147,241,377,332,41,122,63,61,74,306,11,282,172,342,56,215,76,55,174,23,60,78,74,24,80,162,92,14,316,145,170,99,91,51,353,93,127,288,21,143,3,144,318,300,87,317,3,230,81,192,79,220,40,173,218,12,86,103,146,188,107,142,178,207,285,47,361,154,110,70,139,198,45,139,157,11,225,272,94,97,240,183,225,170,66,63,190,65,123,30,58,117,110,435,116,147,77,35,98,35,63,67,138,113,260,122,331,57,78,59,179,93,73,101,201,252,268,101,113,62,139,87,153,62,80,112,90,44,69,197,28,6,26,124
C>T,ACC,15,212,45,155,67,36,103,80,100,102,40,44,27,113,73,65,57,86,324,90,170,90,71,91,80,96,368,175,131,104,154,162,71,103,131,70,193,187,72,96,26,135,138,88,148,121,129,164,103,117,249,7,166,135,124,31,100,92,63,51,191,45,75,184,170,72,161,213,83,214,50,156,70,26,117,173,41,162,210,240,31,148,68,36,162,19,149,90,82,28,207,177,86,4,203,123,122,172,92,60,254,90,54,271,21,123,16,133,282,235,61,193,4,109,114,142,138,185,30,165,189,25,94,88,125,138,84,73,153,108,199,194,226,124,56,109,141,133,77,105,100,40,256,130,66,102,166,168,160,152,70,96,129,72,160,15,57,185,97,227,131,95,53,66,104,43,187,138,148,102,152,87,245,63,137,92,107,75,64,126,143,103,232,151,114,65,105,86,177,79,77,54,147,37,106,156,26,1,15,154
C>T,ACG,5,112,152,268,71,61,292,66,188,181,247,117,25,117,67,36,24,108,217,130,184,244,136,117,87,140,276,201,225,126,379,241,118,90,245,39,239,489,66,149,17,548,149,80,331,293,156,350,108,148,358,4,109,81,49,38,63,177,27,57,149,35,217,193,116,118,184,291,88,517,18,72,108,55,146,326,12,434,265,596,37,356,90,80,113,8,66,82,78,27,80,252,71,13,404,210,88,71,49,97,785,35,297,425,27,195,7,227,438,318,175,543,1,368,142,355,134,404,26,201,313,9,152,104,200,219,104,148,165,282,296,58,390,310,228,45,224,249,31,148,257,69,158,298,77,136,273,259,176,215,58,67,291,78,179,24,49,120,92,366,92,274,150,74,102,26,103,98,252,125,380,142,409,44,50,89,362,170,81,95,229,581,320,83,156,88,204,51,172,70,79,188,99,49,87,196,39,2,7,93
C>T,ACT,5,192,46,153,64,17,111,53,109,191,54,120,22,91,82,69,39,89,243,99,198,123,65,85,75,183,418,164,242,85,232,150,74,102,135,63,200,219,103,103,26,156,150,55,158,111,127,174,158,104,412,25,174,152,120,15,118,128,56,82,190,23,111,241,167,123,162,390,225,415,25,99,90,37,97,331,32,189,303,312,54,205,88,78,161,27,151,109,62,33,180,173,103,17,411,114,150,134,100,39,234,73,52,445,16,166,13,189,242,410,88,383,1,129,107,211,104,245,35,244,172,24,71,110,179,245,141,82,173,207,306,153,566,119,62,91,135,258,45,199,117,57,329,177,112,88,383,239,185,176,73,103,127,80,148,39,52,154,94,399,140,110,55,53,104,52,145,103,121,126,259,91,513,60,131,67,109,64,72,113,203,103,384,148,126,72,143,74,159,117,105,135,124,23,134,237,52,7,31,154
C>T,CCA,2,271,71,277,62,60,209,86,122,191,91,128,25,89,97,42,21,75,260,142,165,130,66,77,76,165,372,163,240,115,282,206,60,135,172,51,384,288,106,112,26,240,185,43,185,144,168,195,146,152,447,11,170,107,68,46,111,173,24,71,298,15,131,217,142,97,178,360,419,410,27,109,73,73,66,275,11,267,275,353,66,220,104,91,156,7,83,114,60,18,100,203,144,20,421,143,180,119,101,52,273,88,92,399,39,229,13,180,238,380,88,401,0,200,87,240,140,276,49,242,249,18,72,95,182,233,97,167,160,234,315,90,476,134,92,74,117,266,29,177,148,28,343,266,142,114,333,245,227,252,83,96,197,85,143,30,87,136,103,453,131,152,76,50,88,65,57,125,153,103,261,84,467,74,81,73,134,95,102,123,249,206,384,122,123,50,135,114,188,75,114,138,67,54,95,273,51,1,13,143
C>T,CCC,5,169,97,268,62,63,190,72,109,156,133,106,30,92,57,35,35,76,198,107,135,159,96,91,71,122,328,163,195,100,284,195,70,76,150,26,231,330,78,103,19,317,140,58,225,190,146,233,109,119,361,7,117,92,51,40,74,148,35,63,162,25,144,199,125,48,142,281,188,394,20,79,74,56,124,244,19,275,234,395,36,247,82,68,128,14,78,74,61,18,129,175,79,7,343,146,120,82,58,55,439,62,154,350,28,196,4,168,318,280,110,365,1,225,91,228,163,262,27,178,234,12,104,91,153,190,91,119,130,215,261,62,376,192,126,57,150,212,37,138,171,19,160,234,83,103,260,219,187,176,76,67,197,60,125,24,55,133,87,339,101,182,81,42,66,24,95,119,154,106,273,93,375,58,55,70,205,108,71,93,216,305,316,92,120,55,151,71,178,67,76,133,114,53,100,187,34,2,14,122
C>T,CCG,6,231,47,165,39,29,132,57,61,145,47,93,19,96,53,33,27,86,229,74,106,127,39,49,60,107,227,152,197,84,175,147,47,97,119,31,232,223,105,64,32,143,114,45,122,82,89,130,109,95,309,4,106,170,119,17,117,111,30,62,183,15,79,148,122,73,112,296,212,291,13,100,76,37,58,170,31,153,182,247,42,165,82,71,125,15,178,93,56,10,153,111,77,12,282,105,132,60,59,25,248,67,56,400,30,181,4,122,198,253,64,323,2,130,80,144,100,190,24,172,201,25,68,76,132,180,89,96,92,167,223,152,376,125,46,85,92,192,43,145,91,26,168,146,86,58,285,192,166,148,47,54,117,72,96,22,79,94,88,296,105,95,34,34,54,33,201,61,77,115,182,47,358,51,116,72,96,44,74,120,162,103,335,99,91,46,120,94,117,103,88,104,76,28,92,226,35,4,6,107
C>T,CCT,9,167,145,242,74,44,316,90,189,138,260,74,25,160,91,73,25,130,274,154,231,245,159,136,89,175,304,239,194,139,332,241,110,111,296,87,268,497,74,173,24,558,186,86,324,320,135,351,121,162,310,22,103,107,101,25,99,221,36,40,206,33,230,177,175,105,222,243,304,467,42,119,111,65,144,395,18,514,213,597,45,330,89,56,184,10,95,106,98,35,105,314,100,12,367,235,161,153,80,108,812,83,300,420,23,149,4,203,480,380,157,472,2,382,156,318,98,455,40,224,341,16,167,102,217,197,137,173,227,290,334,112,339,333,236,99,233,230,45,142,254,38,372,365,77,133,246,230,259,254,63,81,288,120,255,25,63,147,121,484,107,263,179,63,136,69,161,94,284,141,381,180,345,58,132,110,375,185,91,126,241,604,275,144,194,112,219,69,167,77,100,155,120,45,71,204,41,2,22,145
C>T,GCA,11,374,58,134,86,13,211,47,146,103,115,42,23,86,67,65,62,71,321,101,143,104,113,81,62,119,454,208,121,110,196,184,74,120,155,39,378,219,82,113,22,225,165,70,263,184,126,181,106,173,278,17,149,99,84,20,97,160,62,80,269,35,116,208,160,96,180,199,246,274,23,130,55,37,183,260,34,248,244,300,69,172,66,47,114,21,63,91,82,35,222,160,134,13,234,182,134,147,116,69,359,106,122,243,27,97,16,141,348,211,84,290,3,220,121,193,135,174,45,167,321,16,91,76,109,171,88,161,175,159,249,116,246,160,102,60,168,177,38,101,120,44,235,246,118,104,155,194,245,264,124,82,198,60,157,16,110,191,90,339,128,138,81,91,119,39,106,143,183,81,227,99,269,76,76,62,159,87,94,152,211,231,192,112,123,65,122,155,116,52,79,77,208,18,131,208,18,1,30,193
C>T,GCC,4,310,82,173,63,38,233,71,124,66,122,22,20,128,98,46,24,79,288,145,151,111,75,107,92,103,204,169,99,122,171,174,54,133,203,48,378,255,62,105,27,259,150,57,199,183,98,203,102,162,190,8,94,79,88,23,90,160,41,41,286,18,112,96,131,84,161,119,359,202,56,95,60,59,76,194,16,275,126,296,68,155,66,38,128,23,59,91,94,21,91,194,124,15,188,176,140,136,89,60,370,98,134,201,32,98,9,108,229,208,61,247,1,215,92,166,69,216,49,141,292,14,98,62,104,139,59,180,162,147,217,98,117,162,110,94,141,130,55,76,140,28,263,266,95,105,90,132,232,235,72,65,214,87,168,13,100,125,70,344,122,133,91,73,110,65,89,78,170,89,192,119,157,57,88,73,166,96,102,165,172,275,152,118,93,60,105,137,134,32,77,54,73,39,50,192,17,7,9,131
C>T,GCG,12,145,58,125,48,18,132,47,105,131,90,77,22,83,59,65,31,82,187,74,149,125,71,72,65,123,260,146,172,75,195,133,76,87,141,50,173,232,73,91,24,212,109,60,159,127,92,172,106,93,266,16,107,115,95,10,83,109,39,53,135,34,112,156,120,119,125,252,103,313,18,113,79,27,83,258,23,204,196,297,41,194,68,57,130,20,112,83,62,30,120,149,68,12,275,118,109,88,68,47,339,53,103,332,16,126,7,143,285,271,92,333,3,174,104,180,72,221,23,170,183,15,77,89,148,176,103,83,127,162,223,110,356,145,89,67,137,183,36,136,119,63,199,147,70,78,251,186,135,144,49,63,137,62,126,24,46,111,94,279,95,118,64,63,101,32,133,63,120,107,217,88,348,42,103,65,156,75,57,92,146,194,269,101,113,70,128,62,111,86,76,110,100,20,86,173,32,4,18,97
C>T,GCT,5,397,38,202,74,34,193,68,115,114,60,67,22,88,83,42,45,52,258,125,107,74,71,65,64,111,376,173,150,98,190,179,58,139,125,25,440,182,105,84,28,135,178,46,198,128,128,133,116,170,354,9,121,98,70,26,110,195,46,80,314,27,86,189,144,65,156,224,594,259,27,110,43,76,121,240,24,197,217,217,73,142,73,61,118,16,52,91,72,34,184,137,141,22,258,150,199,120,101,30,178,135,56,241,37,146,8,114,238,230,61,258,1,158,82,149,140,122,65,185,294,16,57,72,104,186,66,205,130,174,270,69,278,97,55,66,120,201,33,132,96,29,218,307,133,97,183,188,306,266,132,68,175,62,116,18,120,164,90,459,134,95,40,93,105,47,58,121,105,74,180,79,311,93,52,55,80,62,100,150,265,109,239,94,86,48,95,169,132,48,108,71,145,36,122,251,23,2,19,207
C>T,TCA,8,320,79,228,72,45,237,80,135,140,120,78,26,141,108,53,37,88,297,151,157,141,85,118,105,138,306,190,190,125,238,199,64,142,204,38,394,301,101,113,34,276,182,60,227,192,131,231,141,162,341,10,137,117,90,28,112,196,47,66,294,23,134,174,148,112,182,263,470,343,49,133,75,71,98,262,23,296,209,362,69,220,91,71,163,20,96,108,93,23,137,192,128,23,325,179,191,126,102,59,381,120,130,337,36,171,10,155,311,301,87,374,2,241,107,224,109,243,54,201,306,19,102,101,152,213,89,190,179,218,308,106,329,172,110,94,151,218,60,147,163,37,252,320,120,116,232,212,279,246,88,78,232,88,156,25,102,147,113,466,145,154,82,63,111,53,110,96,164,119,254,118,338,78,92,81,173,96,106,158,245,261,295,115,118,63,140,140,171,67,109,112,105,47,98,262,31,4,14,168
C>T,TCC,6,125,60,314,40,86,103,111,78,131,40,101,36,68,86,54,22,62,155,117,154,84,51,64,65,133,318,117,181,86,227,169,48,104,128,70,221,235,70,88,23,156,146,45,96,94,161,146,112,98,362,13,118,84,66,56,84,118,23,41,192,28,98,177,143,64,122,259,288,286,33,107,59,70,41,218,10,184,186,245,38,160,81,62,183,7,70,91,45,22,86,196,101,10,305,86,161,128,66,32,154,70,39,285,33,214,5,127,189,326,59,236,2,103,63,138,167,232,32,190,126,13,62,78,157,162,88,97,113,155,234,73,352,89,61,87,89,180,37,137,111,18,330,164,78,100,257,174,162,154,66,83,118,71,137,24,36,135,92,324,95,108,51,36,80,61,50,138,94,84,170,70,361,66,94,77,98,90,57,73,193,110,322,140,106,51,113,53,212,63,99,88,51,73,67,171,44,1,14,119
C>T,TCG,7,444,52,242,51,52,220,81,79,156,73,103,30,70,87,65,37,94,290,87,167,110,67,66,66,172,414,204,212,105,231,207,43,151,174,73,489,246,109,98,30,172,133,45,167,122,137,160,148,179,358,18,133,159,121,34,135,109,37,83,332,21,116,207,174,100,128,314,62,338,25,127,74,33,88,224,27,198,226,299,91,181,110,89,169,12,130,130,70,14,157,192,171,7,327,156,122,145,107,36,236,73,63,416,52,230,6,136,233,351,67,368,2,200,84,147,154,261,19,213,316,17,75,89,166,226,115,145,112,155,258,127,427,128,62,89,118,224,40,147,113,25,397,120,150,78,323,236,168,302,93,89,184,90,169,27,142,162,93,247,134,119,68,72,101,77,140,129,114,102,214,55,445,54,143,74,112,74,125,176,171,151,380,141,140,53,134,185,174,93,89,109,121,46,101,278,49,1,22,118
C>T,TCT,11,247,88,203,78,34,210,85,135,212,116,120,25,141,81,71,36,131,388,126,242,193,90,104,86,181,416,232,265,137,290,227,104,125,203,94,275,348,117,144,32,305,185,91,213,182,160,253,160,156,429,13,216,192,158,31,144,154,47,72,262,35,153,246,199,84,225,418,171,464,40,153,119,41,105,329,36,317,330,454,49,275,115,80,192,20,213,128,92,31,180,261,122,7,440,177,160,173,112,81,485,82,139,545,28,210,15,227,352,442,121,434,3,225,142,275,124,372,40,281,274,33,119,120,228,243,144,122,209,248,327,230,528,220,118,126,189,277,61,200,177,39,412,216,122,123,382,283,201,235,60,121,200,117,211,33,80,176,123,415,161,180,105,73,119,72,240,121,223,161,315,121,508,60,182,113,204,117,103,158,208,276,425,183,173,91,178,97,198,134,107,150,119,36,115,269,59,4,16,149
T>A,ATA,3,174,126,195,79,46,226,65,144,87,181,30,24,162,79,39,37,96,314,149,165,177,113,148,108,97,239,186,108,139,227,191,72,81,212,26,201,356,48,125,22,391,156,81,273,257,115,293,99,133,200,8,119,84,82,29,70,161,59,41,177,18,150,128,137,58,188,148,201,287,58,74,79,51,139,218,27,343,171,430,38,229,60,30,128,30,90,71,99,18,136,202,72,8,233,195,109,122,74,88,599,79,214,247,19,95,12,160,332,202,97,298,1,260,118,244,104,268,37,130,273,17,148,78,109,140,78,131,209,192,237,126,153,248,166,95,191,133,75,76,198,19,151,290,59,124,100,151,221,162,59,71,242,79,174,17,55,141,67,343,122,203,118,37,84,31,150,102,234,118,275,151,153,53,79,87,265,127,78,140,180,417,164,123,109,71,152,75,166,43,59,85,116,45,73,147,12,9,13,139
T>A,ATC,3,168,127,161,72,22,256,35,162,125,226,67,21,108,58,43,41,98,222,108,167,209,145,107,72,138,329,203,158,112,283,191,79,74,222,30,211,398,59,134,17,463,133,63,330,275,106,295,92,129,260,16,93,86,69,14,68,163,48,66,134,16,185,182,131,118,166,217,82,422,12,56,88,34,190,289,25,386,220,502,44,276,66,55,95,23,68,79,73,18,155,197,74,12,311,198,85,87,58,87,693,50,259,347,16,108,7,179,407,255,135,453,0,325,133,289,110,334,20,156,303,10,143,79,148,182,107,120,177,237,267,81,310,285,198,52,195,194,31,105,205,45,170,276,68,96,207,207,196,205,71,61,245,73,178,22,58,127,76,332,84,231,139,34,81,29,133,97,231,114,343,128,295,47,65,68,311,132,74,111,203,508,224,91,149,75,185,67,109,58,66,145,162,21,106,168,26,5,24,130
T>A,ATG,11,206,73,165,73,29,192,54,100,231,103,133,26,109,78,61,33,88,305,113,205,152,77,129,99,169,396,166,266,110,276,174,69,87,156,51,269,265,100,124,22,264,145,62,194,175,143,249,166,127,411,11,237,108,72,25,89,124,43,76,232,21,142,248,130,76,185,427,76,485,46,145,92,25,83,263,19,261,331,422,47,273,114,87,157,27,123,97,79,10,94,196,110,5,470,140,122,137,109,75,348,68,112,462,19,196,16,223,336,420,111,427,4,230,98,278,87,306,27,248,220,20,90,140,215,253,112,101,188,227,308,118,560,155,96,77,149,276,54,191,179,14,303,189,133,108,378,283,136,203,46,116,209,77,136,39,62,143,124,348,157,166,81,32,82,45,95,91,192,146,309,105,513,41,102,65,148,86,99,123,174,229,409,115,153,46,132,91,196,96,70,167,92,29,106,245,56,6,14,94
T>A,ATT,7,238,56,172,62,33,141,56,98,101,86,52,29,115,98,73,44,65,223,115,142,90,79,132,102,138,320,142,136,90,171,130,39,94,151,27,253,202,67,91,25,178,142,49,176,158,101,192,139,109,252,28,118,85,71,17,79,139,65,58,198,18,110,159,138,106,138,204,277,266,54,107,55,44,99,263,24,204,169,270,64,165,64,47,168,30,65,83,79,23,138,139,100,16,261,135,144,127,104,42,241,97,77,229,19,109,9,128,261,267,58,265,2,171,83,158,90,158,34,147,203,12,84,99,108,183,103,112,184,153,260,78,311,112,78,80,130,160,67,118,126,28,218,223,92,92,197,154,214,162,80,74,170,57,128,29,62,148,86,358,133,110,58,32,102,34,73,93,118,99,213,113,278,60,84,53,128,68,72,120,178,153,224,115,94,57,121,103,161,56,75,80,126,39,95,182,20,7,34,149
T>A,CTA,5,189,39,159,53,37,67,51,63,52,46,29,30,81,79,59,59,46,143,77,119,48,77,113,84,105,342,118,81,60,121,98,20,63,101,22,158,133,42,64,16,98,94,42,149,127,84,148,101,77,182,25,74,65,60,15,55,86,76,58,114,19,72,155,136,78,81,119,113,181,48,66,36,29,135,178,31,112,125,177,44,107,40,26,138,32,42,59,62,20,183,104,69,8,157,95,97,128,68,20,139,82,35,133,13,77,4,80,210,187,34,150,2,93,63,77,129,95,16,92,142,6,77,76,63,133,83,54,124,81,184,53,203,77,47,72,105,91,69,73,86,20,151,140,49,64,122,104,168,111,89,62,114,36,112,22,40,159,55,209,103,70,33,18,74,22,65,116,64,70,141,82,186,56,67,38,83,47,44,94,143,74,153,104,76,42,94,79,155,37,54,41,163,39,109,105,11,6,36,151
T>A,CTC,11,345,96,210,70,37,280,64,132,201,158,117,27,118,79,56,41,116,342,108,183,196,105,102,88,164,389,231,252,131,299,229,75,131,220,51,406,366,115,131,31,358,154,68,269,214,142,265,147,173,383,8,174,159,109,28,122,151,40,84,282,24,166,228,155,123,183,372,68,468,25,149,101,31,130,258,30,327,285,475,68,287,117,96,151,16,152,123,87,10,156,210,132,11,409,197,124,116,100,80,531,73,178,500,40,221,12,201,393,357,124,512,4,312,128,281,129,345,23,231,355,21,121,116,204,250,115,152,164,240,309,148,472,232,137,80,173,267,47,167,188,39,284,219,136,105,346,288,187,280,71,91,255,93,172,29,118,149,125,333,139,202,108,56,95,50,181,106,207,143,323,96,468,54,122,88,227,108,121,166,204,357,401,115,168,63,174,147,166,102,89,167,134,34,115,287,49,2,13,118
T>A,CTG,3,195,64,202,45,53,85,67,67,61,43,32,29,84,46,44,35,70,254,85,95,87,48,52,57,75,245,135,81,98,129,144,37,79,101,27,162,193,54,63,26,116,121,58,116,81,108,111,78,90,193,12,94,130,109,38,88,80,44,41,154,18,63,107,137,43,114,143,84,125,21,73,51,38,82,136,32,119,125,176,42,95,47,30,128,24,133,73,56,15,174,104,74,4,140,106,95,83,69,34,221,52,48,206,28,126,10,92,149,133,31,152,1,79,74,92,145,120,22,96,160,21,77,39,57,99,76,68,126,91,150,162,161,112,52,88,100,88,53,63,70,17,146,96,56,78,123,104,145,100,60,56,92,52,108,12,58,124,44,194,92,94,38,31,55,26,179,123,101,80,130,60,155,52,103,76,104,59,51,114,119,92,190,139,59,50,108,74,134,64,60,32,100,46,69,130,11,6,17,118
T>A,CTT,5,284,54,274,60,65,144,85,89,129,59,89,35,64,81,60,45,57,214,108,139,79,76,75,66,143,435,154,167,92,222,178,42,110,124,46,331,212,82,91,22,151,156,45,165,124,156,151,125,134,364,20,134,92,64,45,92,134,45,71,244,24,104,215,158,68,133,259,266,297,28,107,49,58,111,239,22,183,222,252,63,159,80,64,163,16,58,94,56,22,162,163,131,11,300,122,153,136,95,35,168,89,48,273,35,190,8,131,238,295,60,262,2,143,72,145,183,185,34,182,215,12,67,82,130,186,97,126,135,156,256,70,363,97,62,71,110,192,38,129,108,14,295,190,113,96,248,193,207,215,108,85,150,59,133,25,80,172,87,332,118,115,52,47,86,50,53,159,107,80,198,71,364,75,79,60,98,78,80,113,214,115,302,129,110,46,119,117,190,58,90,87,137,58,109,204,35,2,29,161
T>A,GTA,2,114,41,148,29,32,83,46,72,66,57,43,17,65,60,41,19,50,127,70,83,73,45,53,48,93,178,92,96,58,125,97,31,68,107,26,134,169,45,56,18,129,98,30,100,83,75,107,79,61,181,19,54,78,60,19,63,88,28,29,111,11,75,90,94,86,87,139,195,170,17,56,42,36,47,186,14,140,97,178,38,104,40,36,112,6,65,63,35,17,88,98,60,14,172,80,96,61,56,25,184,46,54,185,17,95,6,82,138,176,40,198,0,99,60,106,74,127,21,100,117,11,53,47,73,111,76,65,109,111,166,73,218,85,58,51,75,107,30,80,73,32,161,132,50,58,152,95,133,93,44,41,89,44,90,16,33,79,49,238,64,76,43,18,62,25,79,67,71,56,134,59,195,41,68,48,101,53,36,60,122,113,169,84,58,47,97,44,96,49,65,58,59,32,52,120,17,1,20,91
T>A,GTC,2,245,58,243,75,43,178,77,102,195,86,133,23,119,98,37,48,75,205,129,177,137,91,117,89,171,444,179,259,90,278,183,60,103,152,43,295,275,119,107,24,232,171,44,217,181,142,228,157,129,476,13,150,116,72,22,112,196,55,91,226,15,129,270,166,61,161,380,522,478,44,90,78,72,137,301,28,265,291,373,44,245,99,82,160,17,98,98,69,24,186,196,108,18,441,135,204,145,78,34,285,125,89,431,24,203,3,177,302,418,99,389,1,183,88,223,153,266,48,253,237,18,91,121,189,257,113,145,149,257,354,68,535,148,83,89,134,280,54,205,161,10,292,330,115,93,358,259,290,227,106,94,192,85,147,36,69,170,113,519,146,137,62,33,80,53,88,117,119,125,281,100,506,86,82,62,128,80,89,117,296,188,392,107,139,52,143,101,204,87,119,147,145,45,154,260,53,2,23,204
T>A,GTG,4,191,50,138,38,26,83,51,61,72,48,38,25,89,60,63,31,78,205,75,121,89,48,69,65,112,225,132,107,77,117,111,35,80,117,39,152,177,61,64,27,110,102,47,105,83,71,117,102,77,183,24,74,137,123,13,94,82,50,45,139,15,74,105,137,83,99,169,93,172,26,74,62,27,66,200,31,127,117,187,52,107,51,36,143,30,138,82,60,20,154,108,73,8,175,101,102,90,72,24,210,54,45,253,20,102,5,93,158,205,37,202,1,94,75,88,83,143,18,116,152,19,71,58,82,132,104,60,131,104,178,146,252,106,49,93,102,112,53,91,73,30,201,95,60,58,183,113,142,105,50,54,88,61,119,22,56,110,54,226,97,76,41,31,76,36,176,74,77,96,153,74,222,41,127,64,102,48,53,115,108,84,210,136,74,60,115,75,110,80,64,51,96,29,70,146,18,9,26,107
T>A,GTT,9,89,51,246,34,68,74,85,70,78,32,57,33,63,63,42,25,39,132,101,78,62,43,47,58,68,211,83,108,76,151,125,31,81,91,25,157,178,53,60,24,118,128,39,90,74,121,103,69,66,246,6,89,59,41,46,57,113,21,28,138,25,66,113,95,66,99,154,326,161,21,111,34,65,42,134,10,139,112,159,28,109,51,40,138,11,46,62,40,14,84,108,64,14,184,69,150,68,52,31,126,72,34,152,25,148,7,83,184,161,38,161,3,87,54,105,134,120,33,112,100,11,50,54,92,101,46,90,98,115,173,58,182,69,49,62,65,112,33,83,78,17,138,166,49,85,133,114,158,89,56,50,93,40,75,13,25,97,86,284,67,86,29,16,53,25,42,107,73,65,116,55,190,66,47,60,78,64,34,54,165,81,204,93,63,32,82,40,146,35,80,54,52,58,52,125,18,2,8,109
T>A,TTA,5,213,134,249,90,35,295,81,174,231,215,139,23,178,82,38,48,145,346,152,228,283,149,122,94,186,437,274,302,151,373,265,106,113,262,60,258,507,135,163,34,509,209,84,352,295,157,348,146,156,492,6,176,194,138,24,145,241,52,90,216,19,209,281,200,99,243,440,400,610,26,117,133,67,196,358,42,470,340,624,34,367,116,93,167,19,205,126,93,20,237,272,95,18,510,222,202,132,75,97,772,106,259,625,26,223,8,249,489,442,166,593,1,342,168,369,159,460,45,289,355,32,170,123,248,272,146,161,216,358,407,192,565,339,198,116,218,322,56,215,246,29,303,398,103,121,404,324,313,254,80,100,274,127,224,33,77,167,142,578,141,263,144,28,84,55,270,120,265,187,424,142,526,85,142,117,322,148,103,151,319,510,449,144,204,91,236,80,185,129,132,207,172,36,159,297,59,3,15,207
T>A,TTC,9,182,48,190,60,42,124,81,92,123,56,67,24,121,92,57,39,73,272,116,159,96,65,109,87,124,328,146,161,99,176,150,50,97,143,56,211,208,78,97,25,164,156,60,139,133,126,178,126,105,298,14,160,106,87,30,94,131,48,46,207,23,95,177,150,66,164,252,313,273,56,136,63,47,75,217,25,208,199,270,36,166,75,47,176,13,112,89,71,20,137,178,95,11,283,115,162,154,96,54,224,101,58,286,20,141,13,139,251,300,58,234,3,132,89,168,108,205,39,183,170,21,83,96,140,163,91,98,175,160,253,136,316,112,64,100,115,170,67,130,120,13,294,212,84,100,218,171,199,154,61,93,146,76,143,24,49,151,103,358,131,105,59,26,88,49,115,111,140,102,187,97,295,66,113,77,105,76,67,106,180,127,265,132,110,54,110,76,185,69,88,80,97,45,88,183,34,1,18,150
T>A,TTG,5,146,33,107,46,14,91,40,94,118,44,73,13,59,59,46,27,61,170,70,134,81,47,50,49,113,271,118,151,62,161,114,63,86,105,48,169,158,65,74,18,121,105,45,120,81,92,120,97,86,266,13,108,97,81,13,79,91,36,53,143,24,76,154,112,103,115,234,162,261,15,73,61,29,70,223,20,138,199,211,40,138,57,51,100,13,88,76,45,29,120,129,75,14,250,89,99,93,66,31,188,51,49,275,15,108,10,124,174,252,65,262,1,99,83,147,75,166,28,161,140,15,50,69,118,158,85,73,109,132,196,101,329,88,52,57,103,166,27,125,81,60,215,128,74,70,225,158,130,139,56,67,98,54,110,21,42,109,62,260,90,78,43,62,88,37,90,75,91,75,164,64,322,44,82,51,88,53,51,81,143,94,234,96,84,56,95,58,102,71,76,85,84,16,88,159,32,3,17,107
T>A,TTT,6,186,157,256,76,56,282,84,172,110,237,58,29,153,60,42,44,133,294,134,190,248,152,109,83,117,294,251,156,146,310,253,107,99,258,56,222,492,69,147,27,520,160,97,339,298,134,327,82,156,270,4,77,141,124,32,99,185,50,54,159,35,193,167,176,81,191,191,132,392,26,80,110,57,195,275,37,433,197,544,33,298,74,48,135,22,138,93,97,28,198,259,70,7,271,230,116,114,45,95,828,67,291,392,29,153,3,178,444,244,145,425,1,332,158,278,165,391,29,169,351,19,180,73,163,162,108,146,172,244,264,153,218,346,219,102,233,177,55,101,227,44,191,301,47,121,173,208,240,214,75,62,262,102,227,14,71,155,87,354,95,257,152,67,98,42,245,123,256,139,336,147,252,62,117,116,364,166,82,146,226,566,245,140,163,101,213,73,158,78,85,126,162,48,99,175,25,5,12,154
T>C,ATA,7,164,58,175,55,35,135,56,82,176,72,112,18,111,62,35,33,85,226,81,145,140,56,99,82,120,273,152,223,82,229,156,75,76,124,35,181,250,93,84,22,205,114,62,155,133,113,203,131,98,347,4,137,137,89,19,93,109,43,63,149,27,107,189,121,57,132,333,128,380,35,91,86,33,80,225,28,188,243,333,29,227,86,71,130,13,151,78,66,21,133,152,62,7,347,115,107,89,62,38,324,62,91,412,21,182,6,169,255,315,96,351,2,157,90,200,105,226,23,196,188,20,87,110,158,208,98,82,117,189,250,121,439,144,72,76,136,218,59,168,141,36,160,167,82,85,309,221,149,139,48,74,156,65,109,29,52,123,87,299,126,123,48,52,74,23,156,71,112,120,229,81,422,43,96,71,136,69,69,101,170,165,349,91,105,57,129,69,169,101,76,129,87,35,106,204,40,3,8,103
T>C,ATC,8,161,44,181,58,33,108,69,91,171,44,112,24,108,86,61,31,78,186,108,174,108,50,101,89,147,301,139,227,75,219,140,80,98,122,54,198,209,97,89,27,146,138,58,126,110,116,178,149,99,384,16,135,125,98,15,101,141,49,66,177,34,101,198,141,85,139,335,354,371,43,105,83,56,62,301,23,178,246,280,43,204,84,69,164,25,123,89,71,38,128,169,80,16,365,104,168,120,78,24,208,90,48,381,17,169,4,163,235,372,86,321,2,121,88,176,90,209,43,225,158,19,67,116,171,225,112,106,136,194,285,99,477,102,54,93,133,234,55,193,125,50,248,211,92,92,325,215,200,151,67,83,134,73,123,35,45,137,100,417,138,93,38,73,110,44,108,70,86,123,220,101,460,59,106,66,99,65,67,104,207,88,352,120,104,69,120,70,175,100,103,118,84,36,109,217,44,7,18,139
T>C,ATG,5,153,52,117,45,27,131,48,68,85,76,45,14,113,73,31,26,65,178,85,127,95,52,115,87,85,158,117,121,71,142,111,46,67,132,32,176,188,52,71,17,183,82,48,133,141,65,186,98,88,173,5,78,73,65,8,60,92,44,36,137,17,84,103,95,48,100,156,141,228,56,66,59,28,61,150,18,175,122,255,29,157,57,35,108,17,79,57,71,14,77,140,54,6,196,108,82,102,50,34,274,66,89,223,14,91,2,102,194,213,60,214,1,143,66,132,49,174,21,120,169,11,83,82,102,135,61,82,107,119,176,70,200,118,70,75,113,119,65,92,123,20,147,164,52,69,141,126,137,122,37,54,152,59,112,19,46,99,59,221,104,92,53,39,73,31,92,40,100,88,159,91,205,30,74,52,119,61,62,100,115,174,178,74,77,45,86,71,137,48,49,68,61,30,60,131,21,5,7,83
T>C,ATT,3,293,42,140,65,14,173,31,103,170,88,110,17,65,71,46,44,65,193,75,146,110,81,85,65,156,411,164,213,69,235,151,61,96,128,31,322,207,95,91,17,191,119,39,209,147,110,182,138,132,369,18,131,101,62,9,90,129,50,92,209,19,117,233,129,103,126,324,178,409,18,75,66,29,133,279,24,195,274,317,63,209,83,80,104,16,70,88,57,25,160,140,111,14,363,133,109,105,86,33,261,73,87,368,23,154,7,160,267,329,94,391,1,191,87,201,110,204,27,202,249,10,67,103,149,237,106,118,121,191,276,55,480,122,75,42,132,243,30,165,126,46,225,198,123,73,316,235,185,231,96,77,175,55,118,31,87,146,80,327,123,118,57,64,91,35,64,94,107,92,250,74,462,53,63,38,119,60,88,115,205,169,321,75,118,50,123,122,131,77,80,135,150,17,138,232,41,2,28,139
T>C,CTA,11,190,39,162,64,36,118,67,76,150,47,88,24,108,89,44,57,70,235,88,171,94,71,123,97,121,388,150,193,81,192,143,47,85,129,50,212,187,82,91,20,156,113,58,162,146,120,202,127,102,316,4,168,98,73,22,80,97,62,69,174,26,88,225,140,76,131,289,114,342,59,130,68,24,117,159,32,171,237,290,26,192,84,59,149,18,105,83,73,11,164,168,81,7,310,104,120,159,74,47,211,93,54,321,17,153,10,145,287,315,72,279,4,138,87,172,126,215,20,186,175,16,89,118,158,191,79,68,126,146,242,105,363,108,53,88,117,184,76,141,129,20,237,166,78,84,250,208,155,162,66,98,159,65,133,26,49,167,107,254,134,100,48,24,73,39,102,112,118,109,191,79,356,58,95,62,88,61,71,106,171,118,301,101,126,37,98,83,200,70,74,103,134,37,125,180,40,1,13,139
T>C,CTC,2,148,44,194,45,52,78,64,81,76,47,42,23,78,82,57,28,51,224,92,124,56,50,94,71,114,289,102,93,83,140,121,30,75,116,41,164,161,36,76,14,115,126,46,102,99,121,137,110,84,204,26,124,68,58,40,62,71,44,30,163,13,81,128,125,72,126,161,88,169,45,77,40,31,53,198,17,138,146,198,46,107,49,32,153,7,62,72,48,17,98,138,91,7,201,94,85,126,97,43,142,51,36,164,20,110,16,113,138,223,30,159,0,88,64,124,110,136,21,115,115,13,65,65,76,120,88,54,169,95,181,105,234,70,55,67,92,105,56,77,89,20,259,108,73,92,152,103,120,110,53,80,111,47,120,21,34,133,46,211,103,88,52,16,77,35,59,126,117,54,142,78,203,44,84,58,92,69,47,76,111,89,181,128,67,48,98,57,169,44,56,45,74,51,56,117,19,1,28,105
T>C,CTG,5,187,32,147,51,29,126,71,84,97,39,54,14,104,89,34,25,55,209,115,136,69,45,82,71,99,241,120,136,81,140,126,42,103,129,52,243,159,73,79,22,126,137,41,114,107,96,137,99,104,260,4,118,76,70,20,86,137,34,40,216,16,69,136,119,58,137,195,455,221,50,102,49,56,50,171,16,184,156,203,34,124,64,41,129,10,71,78,62,19,97,161,92,16,231,97,164,135,73,36,150,104,42,223,19,108,9,101,174,257,44,190,1,105,68,133,70,172,48,167,162,17,58,71,120,138,56,122,127,142,218,90,230,81,47,87,85,150,48,114,95,14,273,234,78,81,162,139,209,166,60,74,129,75,125,17,54,116,85,362,110,72,47,39,80,58,64,75,105,78,139,81,238,63,82,60,65,59,68,101,180,99,203,100,86,41,73,81,139,45,90,60,59,33,70,174,30,2,7,141
T>C,CTT,4,178,35,143,49,29,84,54,89,52,48,32,20,61,69,41,52,51,140,72,119,59,76,59,52,93,333,131,86,60,129,116,38,85,113,42,176,153,49,69,17,118,101,41,157,112,88,121,69,87,202,13,62,76,73,17,69,98,56,56,126,22,65,155,136,98,92,118,196,182,24,62,41,35,138,164,30,137,135,175,35,99,37,30,104,16,50,70,48,24,191,126,73,14,145,94,107,121,50,26,180,77,50,161,16,78,6,75,200,174,44,177,1,90,80,93,132,133,24,111,159,9,70,50,77,116,68,72,94,94,172,76,170,95,56,67,97,101,41,73,71,42,190,157,44,60,115,111,177,144,90,58,100,49,130,12,46,145,55,224,75,72,45,39,76,37,84,120,77,55,126,62,185,64,70,49,91,56,42,86,165,108,146,99,85,48,92,71,115,38,76,44,152,29,109,116,17,1,25,161
T>C,GTA,2,110,92,128,47,16,201,34,129,100,172,55,11,100,56,32,20,82,180,90,124,170,100,81,58,112,196,151,135,88,212,145,60,68,190,28,159,323,53,102,17,361,114,45,232,202,77,224,78,92,203,13,68,81,61,11,64,137,27,38,113,8,145,118,97,107,138,180,165,322,13,55,72,33,108,237,16,316,149,391,33,214,54,46,91,6,74,70,54,13,92,159,57,15,253,149,87,60,49,69,535,43,197,295,14,91,7,138,295,218,100,368,1,251,105,232,59,272,21,131,224,12,107,61,123,142,87,99,148,199,222,82,257,218,152,47,138,158,26,93,158,38,163,235,54,75,180,155,164,150,38,45,186,67,140,17,42,78,68,306,63,174,110,16,65,27,119,55,178,90,260,100,232,38,67,62,242,103,56,78,160,390,188,71,112,63,149,43,80,54,65,117,87,19,64,148,23,1,15,95
T>C,GTC,3,175,152,262,71,60,287,79,172,82,249,41,29,125,64,46,36,107,262,135,171,216,159,108,71,121,310,221,113,139,294,236,82,88,255,51,242,462,44,148,18,521,162,78,335,303,138,312,73,152,227,14,75,79,74,40,71,180,39,41,168,24,198,151,156,77,186,134,138,348,25,71,83,56,184,273,22,445,167,521,40,268,63,38,131,12,59,82,81,21,145,253,87,7,246,223,103,119,59,103,770,60,289,286,27,126,6,161,420,221,128,375,1,341,137,270,157,369,27,140,330,11,166,59,140,133,98,146,191,225,249,96,164,319,226,74,208,150,39,66,221,23,235,304,54,121,123,173,224,221,77,63,264,88,220,12,63,147,76,333,76,258,164,40,90,45,146,138,269,103,324,144,186,58,83,97,357,171,76,118,210,582,178,126,156,86,197,69,150,41,69,111,150,52,73,142,20,2,20,142
T>C,GTG,6,354,79,336,79,84,193,108,118,87,87,58,42,107,96,43,67,61,252,150,120,96,106,92,88,103,442,193,129,122,228,219,44,135,156,24,400,270,89,97,31,212,190,60,245,183,167,189,102,166,351,7,106,92,68,53,99,199,63,79,278,30,105,209,178,63,152,172,515,251,40,116,44,92,177,193,33,238,186,271,62,163,72,53,160,24,44,93,81,24,238,169,130,18,227,164,207,142,82,42,275,142,91,203,44,184,6,108,309,200,61,238,2,179,90,145,240,163,54,156,299,13,102,71,101,166,64,189,136,169,270,67,192,147,89,90,136,162,59,99,129,11,192,321,97,116,132,177,326,244,149,72,201,64,148,14,103,204,98,423,126,140,57,57,86,43,79,190,125,85,194,91,239,112,54,76,138,94,90,150,293,192,239,126,105,48,127,150,207,33,110,62,190,74,135,213,17,3,22,237
T>C,GTT,13,227,89,176,71,24,249,72,149,152,162,88,25,104,82,60,45,97,226,117,204,172,131,90,71,154,402,212,207,106,275,200,83,119,219,77,315,340,93,139,25,371,153,64,277,233,123,254,106,150,348,9,129,99,88,16,98,186,41,72,220,33,162,227,160,123,176,279,295,438,26,141,88,50,161,284,24,367,247,442,44,262,91,68,141,17,76,105,79,26,157,244,109,16,350,177,167,152,70,79,522,98,187,389,22,149,5,167,431,349,126,425,4,288,132,253,116,357,37,226,301,13,116,100,209,204,100,154,149,235,300,88,365,231,151,82,171,234,30,149,180,41,334,296,91,97,262,247,234,267,87,85,225,97,201,22,75,156,134,407,102,185,120,60,110,67,112,105,201,124,298,115,387,70,104,78,229,122,90,124,242,386,296,111,183,71,155,98,139,69,103,143,157,25,117,220,47,1,17,162
T>C,TTA,5,291,85,286,64,70,199,107,125,77,100,38,26,184,108,33,40,100,335,156,112,146,71,112,109,86,198,195,131,140,187,211,59,143,204,26,313,329,94,90,41,249,192,76,198,173,127,211,113,144,266,3,85,164,128,40,129,194,53,42,258,23,105,108,165,81,176,163,552,201,58,117,74,86,90,194,37,266,115,305,51,174,70,47,178,10,161,103,96,23,191,174,95,23,197,175,202,109,81,50,407,131,120,282,42,168,9,114,251,188,58,271,1,181,111,167,148,189,57,147,289,29,124,70,93,150,75,176,170,186,264,178,152,186,100,126,144,141,90,105,141,33,158,324,73,119,129,142,317,177,82,56,201,92,155,12,95,145,90,449,136,138,66,52,94,39,222,110,143,111,184,112,174,91,116,113,182,97,85,162,242,229,234,135,77,74,150,122,185,71,119,58,94,69,83,227,12,2,6,194
T>C,TTC,6,186,54,252,50,58,147,78,71,202,55,143,28,66,71,39,24,64,176,101,151,113,53,70,65,148,358,132,252,81,264,169,52,93,115,48,277,235,101,90,21,181,135,36,135,110,149,170,135,110,441,6,160,98,53,38,90,128,22,70,213,19,110,228,121,54,129,381,257,420,23,107,69,54,59,226,12,196,270,310,42,216,103,89,146,11,89,90,47,12,90,170,105,10,417,96,150,101,70,34,191,69,56,407,30,235,5,166,235,378,86,357,2,154,63,197,140,253,29,230,174,14,57,106,190,224,91,111,104,206,276,60,515,103,60,64,95,256,28,183,131,9,281,184,115,86,361,248,158,192,65,87,151,67,106,32,58,122,107,354,115,124,47,33,61,49,51,105,101,108,233,59,499,57,74,58,92,72,81,88,209,131,408,98,122,34,114,80,190,82,92,143,67,49,99,232,56,2,9,106
T>C,TTG,5,430,83,194,85,25,284,64,140,206,131,114,15,144,71,41,33,121,432,126,173,194,80,89,79,153,362,252,253,145,284,248,102,147,195,48,451,343,139,124,34,300,193,81,251,184,146,234,159,204,429,4,188,203,145,25,159,188,40,88,348,26,145,217,173,59,222,395,321,435,27,123,105,51,112,303,36,307,319,434,74,265,115,91,136,13,204,124,97,29,191,206,147,12,409,213,159,119,119,68,499,98,153,531,43,216,13,210,313,353,118,463,1,262,131,274,121,295,54,261,387,34,109,103,180,255,118,199,183,259,327,206,476,220,112,97,188,289,50,190,169,37,287,278,162,117,343,286,264,300,88,92,242,105,169,27,146,159,101,455,173,180,90,107,111,54,238,99,206,142,307,104,480,66,136,100,196,99,136,202,239,284,400,133,136,79,167,176,154,123,106,144,123,28,122,330,45,3,9,160
T>C,TTT,4,203,40,95,41,18,137,38,78,67,67,32,12,70,66,33,23,51,173,76,109,67,49,70,60,83,188,111,92,68,120,106,35,85,124,35,242,148,46,68,16,147,85,34,129,111,66,132,78,100,153,7,76,57,56,11,59,85,32,39,174,13,71,96,88,78,96,123,139,177,33,67,43,25,62,134,13,155,115,197,45,112,49,36,83,13,43,64,56,13,74,122,82,10,158,104,76,94,60,35,206,57,71,169,19,74,7,82,161,172,45,199,1,134,63,116,50,147,23,107,180,8,59,54,83,116,49,96,96,95,151,61,155,92,61,54,89,106,35,68,88,30,184,139,68,61,110,111,125,158,49,51,133,52,107,13,63,91,51,190,82,79,54,46,73,40,53,56,98,59,131,67,172,34,61,41,93,53,66,100,108,149,138,71,72,37,69,89,92,31,51,53,66,19,53,134,18,3,10,82
T>G,ATA,3,373,121,262,63,64,318,84,143,73,191,34,25,131,82,35,22,96,311,146,123,168,103,95,82,97,198,210,109,145,239,236,64,141,239,34,462,379,70,116,29,392,163,64,269,236,122,246,90,196,213,3,66,98,83,39,98,185,27,43,309,20,154,93,132,70,167,116,307,246,36,93,67,69,106,200,16,359,120,399,75,209,77,52,123,10,66,95,94,16,99,209,133,13,197,223,129,97,79,74,575,86,216,253,49,155,5,120,303,173,90,334,1,311,104,206,123,270,43,133,390,13,127,52,109,143,62,220,150,186,228,90,100,241,163,79,169,146,43,66,179,22,209,298,103,116,94,160,251,280,83,47,271,89,176,8,131,122,72,340,106,200,120,82,101,54,126,98,206,91,243,117,163,60,77,90,260,131,118,177,199,435,184,105,109,67,148,162,138,34,77,79,87,55,45,218,14,3,5,123
T>G,ATC,11,187,129,304,81,64,261,115,165,175,189,102,32,207,110,65,40,138,336,174,220,240,127,157,123,166,321,242,246,153,326,251,106,125,267,68,249,477,111,153,38,454,215,98,282,276,159,340,155,151,407,13,145,171,135,35,133,235,55,55,225,36,196,207,198,93,233,333,474,474,62,150,121,84,129,364,34,438,245,549,39,328,105,70,227,18,182,118,110,33,175,284,91,17,414,214,222,153,88,88,684,122,225,494,29,212,6,215,450,405,139,465,3,306,154,303,143,398,53,252,313,29,167,128,219,234,139,170,232,304,377,177,425,295,182,138,219,258,86,189,240,34,304,387,83,145,310,257,315,210,70,93,266,123,225,31,64,171,143,571,153,231,129,51,123,56,237,110,237,174,356,171,413,84,154,130,308,156,92,147,287,442,381,165,171,106,219,78,231,112,130,155,121,65,108,258,44,4,15,192
T>G,ATG,2,196,60,280,50,70,141,93,85,190,42,138,31,59,91,41,25,69,192,122,185,102,50,63,71,161,393,137,245,94,266,183,48,120,139,69,305,238,94,99,24,168,145,36,132,102,166,166,133,121,443,6,166,99,72,48,98,120,26,73,243,17,103,232,144,94,135,365,241,398,27,99,72,60,60,210,13,190,271,295,51,193,103,89,155,16,85,109,49,12,101,202,127,14,407,97,153,132,73,36,157,66,41,392,35,239,9,163,193,395,74,351,1,130,69,191,161,279,31,236,171,15,60,93,193,221,89,110,110,189,271,82,484,96,59,84,90,244,30,173,124,25,363,168,117,95,346,238,156,213,71,102,146,82,141,31,60,138,97,336,116,121,56,36,70,73,47,136,109,104,218,59,484,64,91,67,82,78,86,105,213,119,405,134,126,38,113,83,208,76,105,130,62,57,100,233,60,4,9,119
T>G,ATT,7,185,72,173,70,15,190,55,133,193,124,118,20,117,74,65,25,85,227,128,165,164,90,95,73,171,336,171,243,96,269,166,89,95,160,40,237,298,112,117,28,283,185,55,211,173,121,215,151,118,428,24,151,124,85,11,110,212,37,70,206,23,152,214,141,87,191,373,538,456,21,113,87,69,93,394,18,311,282,393,51,256,89,76,157,21,112,94,69,38,130,179,96,21,436,150,206,97,98,54,399,101,133,436,16,160,7,197,334,391,117,423,2,225,109,261,74,266,57,249,230,22,81,112,189,242,133,156,197,280,353,97,541,175,114,73,158,285,29,206,161,35,268,331,117,102,358,248,272,195,76,79,182,81,134,37,58,124,121,577,131,158,80,56,107,41,111,66,159,134,317,124,489,70,93,67,182,93,77,104,264,250,358,111,131,78,161,76,132,102,113,156,107,24,112,257,45,5,26,166
T>G,CTA,3,423,45,161,55,29,214,42,80,103,87,62,20,53,62,42,37,58,230,75,106,80,71,63,52,120,341,169,133,83,181,163,37,115,130,29,452,181,81,77,18,162,110,33,189,132,99,139,109,166,258,14,92,90,64,19,91,115,38,77,284,15,97,161,122,61,106,196,135,254,18,76,43,31,112,187,20,175,181,240,82,142,75,62,92,14,47,86,63,16,136,127,142,7,226,151,90,103,90,30,225,73,80,253,39,142,4,101,207,215,59,279,1,194,64,126,117,155,26,144,307,8,61,64,97,175,74,156,94,126,204,50,269,109,64,44,112,170,25,95,98,17,230,159,131,65,188,177,179,272,103,58,181,54,117,18,133,137,58,228,111,105,57,78,85,46,61,99,102,64,182,56,297,48,62,39,103,58,109,154,160,165,227,79,96,37,96,179,111,46,58,76,132,26,93,218,24,2,22,117
T>G,CTC,5,153,104,204,44,47,188,70,104,70,151,35,23,123,48,36,28,102,246,92,116,175,95,74,60,86,184,179,107,111,193,178,57,77,187,39,159,349,57,95,25,335,124,66,206,187,93,209,67,102,177,8,57,134,109,28,89,125,32,29,129,18,129,97,134,58,137,139,109,234,20,80,76,40,109,181,30,292,105,359,28,190,56,35,129,9,141,78,66,11,147,169,56,5,177,157,98,75,45,66,548,52,181,296,26,127,4,114,290,168,82,285,2,220,107,174,119,263,17,112,240,20,126,48,106,106,87,94,137,166,190,152,157,235,139,87,144,114,49,68,145,16,161,193,36,81,136,134,174,134,41,42,169,79,157,10,58,102,70,253,70,171,100,21,59,31,223,89,171,103,218,93,158,46,114,95,243,109,58,108,145,356,194,116,109,70,159,58,118,69,66,78,99,42,56,139,17,2,10,107
T>G,CTG,5,395,50,196,53,44,199,69,88,83,77,44,24,76,78,55,33,71,282,94,127,78,64,69,62,119,316,173,114,102,165,176,41,131,154,52,428,198,74,86,23,157,132,48,160,124,114,139,111,166,232,16,103,108,92,32,103,111,38,57,300,21,94,137,146,70,129,168,152,196,33,104,48,38,83,187,22,186,154,230,80,125,74,52,135,11,77,98,71,19,132,162,147,7,195,153,108,133,103,41,227,78,71,237,42,145,8,99,194,220,46,233,1,173,75,115,122,174,30,145,288,14,71,59,98,152,80,150,125,111,198,105,211,112,66,75,115,143,41,84,96,21,302,149,120,84,160,153,180,255,90,69,172,70,148,15,124,147,64,232,117,103,65,77,101,60,99,116,123,68,159,70,244,53,102,65,110,73,104,159,146,155,216,121,97,51,103,166,139,51,69,53,108,41,70,207,24,1,20,121
T>G,CTT,5,424,76,219,71,42,265,52,127,175,134,101,24,83,76,74,17,80,338,114,146,127,72,100,76,169,348,186,198,121,271,209,80,130,168,36,493,271,93,114,22,257,168,59,208,164,152,206,171,198,359,27,168,108,69,36,104,146,31,71,347,26,155,179,131,75,182,317,144,365,27,111,70,42,64,345,10,259,273,370,104,228,101,84,147,12,74,103,81,32,73,178,171,8,374,196,105,106,146,60,353,61,127,363,44,195,14,191,258,329,98,398,1,268,90,235,99,220,41,209,339,14,73,102,144,240,121,190,193,200,286,85,449,145,107,45,170,252,30,154,158,38,299,196,180,123,300,238,182,292,89,85,239,64,133,32,135,145,75,352,158,166,86,113,132,45,60,102,180,93,285,107,447,41,81,61,176,99,128,164,175,246,330,114,108,69,143,181,159,78,66,125,88,40,72,278,34,3,28,94
T>G,GTA,10,285,157,316,99,68,356,90,193,241,251,144,36,172,110,52,55,136,359,168,243,272,163,174,134,193,468,273,302,167,424,294,104,133,298,50,400,533,115,180,30,572,198,92,397,348,192,418,170,198,478,5,197,136,88,42,111,219,59,96,273,31,239,291,180,140,236,418,166,638,49,146,127,59,200,336,30,489,350,687,59,411,133,107,182,22,126,126,113,14,173,297,126,16,525,255,155,147,94,114,806,95,293,563,38,258,12,269,551,440,181,645,3,426,165,403,183,472,32,272,415,18,186,154,257,301,129,185,221,334,403,117,534,340,226,94,246,321,71,198,295,45,277,371,129,155,376,347,262,308,90,111,361,110,227,36,98,193,149,471,162,301,160,50,109,49,162,145,293,179,448,160,533,74,101,108,357,172,129,169,298,586,452,125,213,82,232,126,249,96,107,222,170,60,147,301,55,3,13,163
T>G,GTC,6,424,87,274,62,63,256,84,119,109,118,66,38,85,89,75,22,76,274,144,137,107,75,79,79,142,300,182,145,126,233,210,58,155,183,42,515,272,87,106,33,236,173,52,198,155,140,175,133,194,306,21,104,97,85,40,107,177,32,64,354,28,134,137,145,92,153,201,350,258,28,120,58,75,70,277,10,258,175,293,106,173,88,69,161,28,47,108,87,30,94,180,170,15,266,188,165,110,116,45,308,92,112,260,51,184,6,127,248,256,71,314,2,241,81,161,127,203,50,174,337,11,75,71,124,193,91,221,155,170,259,64,271,142,102,76,146,193,29,113,134,31,292,240,148,114,195,186,242,292,107,65,219,75,148,22,137,142,85,385,131,148,78,105,128,64,56,111,142,93,229,105,312,66,84,69,161,99,122,180,206,232,266,134,101,64,129,186,152,50,89,81,91,56,60,256,24,8,22,129
T>G,GTG,6,116,70,115,50,19,158,37,119,95,114,49,13,75,42,34,15,59,190,90,105,117,68,57,48,76,174,120,111,83,179,132,72,71,129,26,173,229,48,87,15,251,117,52,173,141,90,163,67,98,205,5,95,58,47,19,54,123,19,33,140,24,105,105,78,69,137,163,212,240,13,73,56,39,72,205,9,231,164,282,31,168,48,38,73,10,50,55,53,24,66,134,60,11,211,123,91,59,58,59,374,47,136,213,14,84,10,127,237,168,84,262,1,182,88,192,56,184,35,126,185,12,71,54,102,117,57,111,127,155,179,73,197,149,108,38,126,141,18,86,120,43,125,199,63,88,132,139,143,136,44,47,150,49,101,12,42,80,63,283,72,132,75,60,77,22,69,58,153,71,195,87,206,39,42,55,168,85,52,75,143,259,157,67,79,54,100,50,79,42,58,84,62,18,51,134,17,2,6,85
T>G,GTT,5,146,40,123,37,22,105,37,72,92,64,54,18,61,56,52,18,46,145,72,95,72,48,67,54,103,205,93,115,60,139,95,37,65,100,25,179,153,51,65,16,136,100,31,109,93,77,120,95,75,204,20,88,62,46,15,57,94,27,37,140,14,85,109,85,75,99,178,176,212,21,78,42,31,44,207,9,151,136,200,45,126,51,42,111,13,48,60,43,18,63,100,73,11,216,89,96,69,72,32,179,50,59,199,15,96,7,102,175,207,51,219,2,128,57,127,53,132,24,119,135,9,46,66,92,133,77,81,121,122,183,52,270,79,59,42,86,136,26,96,86,25,174,138,74,64,179,124,124,118,45,50,110,40,81,21,42,83,63,254,81,84,45,30,71,25,43,56,87,66,161,69,245,35,59,38,96,53,49,69,119,119,189,76,69,42,89,62,97,48,54,73,61,24,52,138,21,3,21,79
T>G,TTA,4,251,63,144,45,29,179,58,94,100,89,57,19,85,75,46,22,83,217,94,157,109,59,71,68,118,227,154,142,90,176,152,54,114,168,61,302,226,67,90,24,207,103,47,155,131,87,167,99,129,221,8,87,105,101,16,91,103,33,51,219,19,99,123,125,100,117,190,117,255,31,81,70,33,68,183,19,207,154,274,58,157,72,54,114,20,92,93,70,18,96,175,104,11,226,134,96,114,66,42,306,57,99,289,29,125,5,112,199,252,67,289,1,174,85,147,73,236,25,156,234,13,79,65,130,157,77,118,107,132,193,104,244,139,84,83,119,152,38,101,114,42,272,147,85,73,187,159,143,206,54,64,161,81,153,18,83,108,66,232,99,111,74,67,93,62,114,67,123,92,183,80,270,38,107,65,136,75,87,136,132,208,228,112,105,56,106,108,118,61,71,80,70,27,63,184,32,6,10,90
T>G,TTC,5,172,47,106,45,21,130,34,83,79,78,41,14,62,46,36,23,48,172,69,97,77,55,67,51,76,199,109,95,66,143,112,52,66,102,25,203,160,44,69,12,166,89,44,139,115,78,137,76,97,175,8,84,53,44,15,50,87,30,38,147,22,81,106,81,52,102,140,102,196,24,65,43,25,71,167,12,158,143,216,38,132,47,34,76,12,41,51,52,21,75,113,69,6,174,106,66,76,61,39,246,47,86,174,16,81,7,100,188,161,61,201,1,141,66,133,63,134,24,108,173,8,59,58,82,116,55,91,102,106,151,54,182,102,71,38,107,117,29,75,96,31,132,136,67,71,120,122,116,139,52,48,132,39,91,14,53,95,49,195,81,94,52,59,74,23,51,62,108,58,151,71,196,31,45,41,114,62,57,84,110,165,146,64,68,43,78,75,93,36,42,62,75,20,56,122,16,2,12,77
T>G,TTG,2,193,64,152,68,24,121,55,93,125,59,69,23,97,56,34,43,71,259,114,144,113,69,67,65,105,346,155,154,102,179,150,51,84,113,31,186,206,84,89,26,165,148,53,177,123,112,153,96,102,314,5,149,119,100,22,97,141,52,70,182,13,80,188,144,51,155,257,321,283,23,81,65,50,124,184,33,188,230,255,35,152,65,47,110,35,122,81,64,17,197,134,83,12,275,116,152,111,71,45,260,89,70,302,17,122,12,137,227,239,63,251,1,116,89,171,125,186,42,171,185,23,79,67,117,159,77,102,146,171,234,144,306,134,65,92,115,175,44,121,102,13,195,219,81,82,207,177,216,151,77,79,125,69,122,21,56,138,78,365,115,114,50,28,54,40,147,113,134,111,205,79,286,71,87,65,101,60,66,123,201,136,254,127,97,44,108,75,129,70,85,82,130,25,117,184,29,9,14,169
T>G,TTT,3,278,66,310,56,73,195,96,115,176,69,127,30,80,101,36,24,67,213,142,142,114,56,62,77,145,343,153,233,107,273,206,56,148,161,43,405,275,108,97,31,204,177,39,171,123,167,172,134,150,447,5,138,105,65,49,109,176,23,74,295,20,114,205,135,112,151,330,480,375,22,110,66,85,63,240,11,230,244,304,68,202,101,94,152,9,71,112,58,20,107,184,139,25,384,131,194,100,83,36,216,96,70,365,45,244,9,155,221,340,80,385,1,177,79,207,162,239,50,227,245,15,64,88,170,227,79,179,119,217,299,66,430,114,76,73,103,252,28,172,132,40,285,267,132,110,308,234,240,247,93,81,186,78,126,26,91,132,105,445,121,134,56,61,87,60,44,126,111,97,224,69,448,83,65,72,111,86,98,122,265,162,380,110,107,46,125,121,189,67,125,128,65,62,99,274,47,2,8,149
